filepath,label
files/file0001.jpg,1
files/file0002.jpg,1
files/file0003.jpg,1
files/file0004.jpg,1
files/file0005.jpg,1
files/file0006.jpg,1
files/file0007.jpg,1
files/file0008.jpg,1
files/file0009.jpg,1
files/file0010.jpg,1
files/file0011.jpg,1
files/file0012.jpg,1
files/file0013.jpg,1
files/file0014.jpg,1
files/file0015.jpg,1
files/file0016.jpg,1
files/file0017.jpg,1
files/file0018.jpg,1
files/file0019.jpg,1
files/file0020.jpg,1
files/file0021.jpg,1
files/file0022.jpg,1
files/file0023.jpg,1
files/file0024.jpg,1
files/file0025.jpg,1
files/file0026.jpg,1
files/file0027.jpg,1
files/file0028.jpg,1
files/file0029.jpg,1
files/file0030.jpg,1
files/file0031.jpg,1
files/file0032.jpg,1
files/file0033.jpg,1
files/file0034.jpg,1
files/file0035.jpg,1
files/file0036.jpg,1
files/file0037.jpg,1
files/file0038.jpg,1
files/file0039.jpg,1
files/file0040.jpg,1
files/file0041.jpg,1
files/file0042.jpg,1
files/file0043.jpg,1
files/file0044.jpg,1
files/file0045.jpg,1
files/file0046.jpg,1
files/file0047.jpg,1
files/file0048.jpg,1
files/file0049.jpg,1
files/file0050.jpg,1
files/file0051.jpg,1
files/file0052.jpg,1
files/file0053.jpg,1
files/file0054.jpg,1
files/file0055.jpg,1
files/file0056.jpg,1
files/file0057.jpg,1
files/file0058.jpg,1
files/file0059.jpg,1
files/file0060.jpg,1
files/file0061.jpg,1
files/file0062.jpg,1
files/file0063.jpg,1
files/file0064.jpg,1
files/file0065.jpg,1
files/file0066.jpg,1
files/file0067.jpg,1
files/file0068.jpg,1
files/file0069.jpg,1
files/file0070.jpg,1
files/file0071.jpg,1
files/file0072.jpg,1
files/file0073.jpg,1
files/file0074.jpg,1
files/file0075.jpg,1
files/file0076.jpg,1
files/file0077.jpg,1
files/file0078.jpg,1
files/file0079.jpg,1
files/file0080.jpg,1
files/file0081.jpg,1
files/file0082.jpg,1
files/file0083.jpg,1
files/file0084.jpg,1
files/file0085.jpg,1
files/file0086.jpg,1
files/file0087.jpg,1
files/file0088.jpg,1
files/file0089.jpg,1
files/file0090.jpg,1
files/file0091.jpg,1
files/file0092.jpg,1
files/file0093.jpg,1
files/file0094.jpg,1
files/file0095.jpg,1
files/file0096.jpg,1
files/file0097.jpg,1
files/file0098.jpg,1
files/file0099.jpg,1
files/file0100.jpg,1
files/file0101.jpg,1
files/file0102.jpg,1
files/file0103.jpg,1
files/file0104.jpg,1
files/file0105.jpg,1
files/file0106.jpg,1
files/file0107.jpg,1
files/file0108.jpg,1
files/file0109.jpg,1
files/file0110.jpg,1
files/file0111.jpg,1
files/file0112.jpg,1
files/file0113.jpg,1
files/file0114.jpg,1
files/file0115.jpg,1
files/file0116.jpg,1
files/file0117.jpg,1
files/file0118.jpg,1
files/file0119.jpg,1
files/file0120.jpg,1
files/file0121.jpg,1
files/file0122.jpg,1
files/file0123.jpg,1
files/file0124.jpg,1
files/file0125.jpg,1
files/file0126.jpg,1
files/file0127.jpg,1
files/file0128.jpg,1
files/file0129.jpg,1
files/file0130.jpg,1
files/file0131.jpg,1
files/file0132.jpg,1
files/file0133.jpg,1
files/file0134.jpg,1
files/file0135.jpg,1
files/file0136.jpg,1
files/file0137.jpg,1
files/file0138.jpg,1
files/file0139.jpg,1
files/file0140.jpg,1
files/file0141.jpg,1
files/file0142.jpg,1
files/file0143.jpg,1
files/file0144.jpg,1
files/file0145.jpg,1
files/file0146.jpg,1
files/file0147.jpg,1
files/file0148.jpg,1
files/file0149.jpg,1
files/file0150.jpg,1
files/file0151.jpg,1
files/file0152.jpg,1
files/file0153.jpg,1
files/file0154.jpg,1
files/file0155.jpg,1
files/file0156.jpg,1
files/file0157.jpg,1
files/file0158.jpg,1
files/file0159.jpg,1
files/file0160.jpg,1
files/file0161.jpg,1
files/file0162.jpg,1
files/file0163.jpg,1
files/file0164.jpg,1
files/file0165.jpg,1
files/file0166.jpg,1
files/file0167.jpg,1
files/file0168.jpg,1
files/file0169.jpg,1
files/file0170.jpg,1
files/file0171.jpg,1
files/file0172.jpg,1
files/file0173.jpg,1
files/file0174.jpg,1
files/file0175.jpg,1
files/file0176.jpg,1
files/file0177.jpg,1
files/file0178.jpg,1
files/file0179.jpg,1
files/file0180.jpg,1
files/file0181.jpg,1
files/file0182.jpg,1
files/file0183.jpg,1
files/file0184.jpg,1
files/file0185.jpg,1
files/file0186.jpg,1
files/file0187.jpg,1
files/file0188.jpg,1
files/file0189.jpg,1
files/file0190.jpg,1
files/file0191.jpg,1
files/file0192.jpg,1
files/file0193.jpg,1
files/file0194.jpg,1
files/file0195.jpg,1
files/file0196.jpg,1
files/file0197.jpg,1
files/file0198.jpg,1
files/file0199.jpg,1
files/file0200.jpg,1
files/file0201.jpg,1
files/file0202.jpg,1
files/file0203.jpg,1
files/file0204.jpg,1
files/file0205.jpg,1
files/file0206.jpg,1
files/file0207.jpg,1
files/file0208.jpg,1
files/file0209.jpg,1
files/file0210.jpg,1
files/file0211.jpg,1
files/file0212.jpg,1
files/file0213.jpg,1
files/file0214.jpg,1
files/file0215.jpg,1
files/file0216.jpg,1
files/file0217.jpg,1
files/file0218.jpg,1
files/file0219.jpg,1
files/file0220.jpg,1
files/file0221.jpg,1
files/file0222.jpg,1
files/file0223.jpg,1
files/file0224.jpg,1
files/file0225.jpg,1
files/file0226.jpg,1
files/file0227.jpg,1
files/file0228.jpg,1
files/file0229.jpg,1
files/file0230.jpg,1
files/file0231.jpg,1
files/file0232.jpg,1
files/file0233.jpg,1
files/file0234.jpg,1
files/file0235.jpg,1
files/file0236.jpg,1
files/file0237.jpg,1
files/file0238.jpg,1
files/file0239.jpg,1
files/file0240.jpg,1
files/file0241.jpg,1
files/file0242.jpg,1
files/file0243.jpg,1
files/file0244.jpg,1
files/file0245.jpg,1
files/file0246.jpg,1
files/file0247.jpg,1
files/file0248.jpg,1
files/file0249.jpg,1
files/file0250.jpg,1
files/file0251.jpg,1
files/file0252.jpg,1
files/file0253.jpg,1
files/file0254.jpg,1
files/file0255.jpg,1
files/file0256.jpg,1
files/file0257.jpg,1
files/file0258.jpg,1
files/file0259.jpg,1
files/file0260.jpg,1
files/file0261.jpg,1
files/file0262.jpg,1
files/file0263.jpg,1
files/file0264.jpg,1
files/file0265.jpg,1
files/file0266.jpg,1
files/file0267.jpg,1
files/file0268.jpg,1
files/file0269.jpg,1
files/file0270.jpg,1
files/file0271.jpg,1
files/file0272.jpg,1
files/file0273.jpg,1
files/file0274.jpg,1
files/file0275.jpg,1
files/file0276.jpg,1
files/file0277.jpg,1
files/file0278.jpg,1
files/file0279.jpg,1
files/file0280.jpg,1
files/file0281.jpg,1
files/file0282.jpg,1
files/file0283.jpg,1
files/file0284.jpg,1
files/file0285.jpg,1
files/file0286.jpg,1
files/file0287.jpg,1
files/file0288.jpg,1
files/file0289.jpg,1
files/file0290.jpg,1
files/file0291.jpg,1
files/file0292.jpg,1
files/file0293.jpg,1
files/file0294.jpg,1
files/file0295.jpg,1
files/file0296.jpg,1
files/file0297.jpg,1
files/file0298.jpg,1
files/file0299.jpg,1
files/file0300.jpg,1
files/file0301.jpg,1
files/file0302.jpg,1
files/file0303.jpg,1
files/file0304.jpg,1
files/file0305.jpg,1
files/file0306.jpg,1
files/file0307.jpg,1
files/file0308.jpg,1
files/file0309.jpg,1
files/file0310.jpg,1
files/file0311.jpg,1
files/file0312.jpg,1
files/file0313.jpg,1
files/file0314.jpg,1
files/file0315.jpg,1
files/file0316.jpg,1
files/file0317.jpg,1
files/file0318.jpg,1
files/file0319.jpg,1
files/file0320.jpg,1
files/file0321.jpg,1
files/file0322.jpg,1
files/file0323.jpg,1
files/file0324.jpg,1
files/file0325.jpg,1
files/file0326.jpg,1
files/file0327.jpg,1
files/file0328.jpg,1
files/file0329.jpg,1
files/file0330.jpg,1
files/file0331.jpg,1
files/file0332.jpg,1
files/file0333.jpg,1
files/file0334.jpg,1
files/file0335.jpg,1
files/file0336.jpg,1
files/file0337.jpg,1
files/file0338.jpg,1
files/file0339.jpg,1
files/file0340.jpg,1
files/file0341.jpg,1
files/file0342.jpg,1
files/file0343.jpg,1
files/file0344.jpg,1
files/file0345.jpg,1
files/file0346.jpg,1
files/file0347.jpg,1
files/file0348.jpg,1
files/file0349.jpg,1
files/file0350.jpg,1
files/file0351.jpg,1
files/file0352.jpg,1
files/file0353.jpg,1
files/file0354.jpg,1
files/file0355.jpg,1
files/file0356.jpg,1
files/file0357.jpg,1
files/file0358.jpg,1
files/file0359.jpg,1
files/file0360.jpg,1
files/file0361.jpg,1
files/file0362.jpg,1
files/file0363.jpg,1
files/file0364.jpg,1
files/file0365.jpg,1
files/file0366.jpg,1
files/file0367.jpg,1
files/file0368.jpg,1
files/file0369.jpg,1
files/file0370.jpg,1
files/file0371.jpg,1
files/file0372.jpg,1
files/file0373.jpg,1
files/file0374.jpg,1
files/file0375.jpg,1
files/file0376.jpg,1
files/file0377.jpg,1
files/file0378.jpg,1
files/file0379.jpg,1
files/file0380.jpg,1
files/file0381.jpg,1
files/file0382.jpg,1
files/file0383.jpg,1
files/file0384.jpg,1
files/file0385.jpg,1
files/file0386.jpg,1
files/file0387.jpg,1
files/file0388.jpg,1
files/file0389.jpg,1
files/file0390.jpg,1
files/file0391.jpg,1
files/file0392.jpg,1
files/file0393.jpg,1
files/file0394.jpg,1
files/file0395.jpg,1
files/file0396.jpg,1
files/file0397.jpg,1
files/file0398.jpg,1
files/file0399.jpg,1
files/file0400.jpg,1
files/file0401.jpg,1
files/file0402.jpg,1
files/file0403.jpg,1
files/file0404.jpg,1
files/file0405.jpg,1
files/file0406.jpg,1
files/file0407.jpg,1
files/file0408.jpg,1
files/file0409.jpg,1
files/file0410.jpg,1
files/file0411.jpg,1
files/file0412.jpg,1
files/file0413.jpg,1
files/file0414.jpg,1
files/file0415.jpg,1
files/file0416.jpg,1
files/file0417.jpg,1
files/file0418.jpg,1
files/file0419.jpg,1
files/file0420.jpg,1
files/file0421.jpg,1
files/file0422.jpg,1
files/file0423.jpg,1
files/file0424.jpg,1
files/file0425.jpg,1
files/file0426.jpg,1
files/file0427.jpg,1
files/file0428.jpg,1
files/file0429.jpg,1
files/file0430.jpg,1
files/file0431.jpg,1
files/file0432.jpg,1
files/file0433.jpg,1
files/file0434.jpg,1
files/file0435.jpg,1
files/file0436.jpg,1
files/file0437.jpg,1
files/file0438.jpg,1
files/file0439.jpg,1
files/file0440.jpg,1
files/file0441.jpg,1
files/file0442.jpg,1
files/file0443.jpg,1
files/file0444.jpg,1
files/file0445.jpg,1
files/file0446.jpg,1
files/file0447.jpg,1
files/file0448.jpg,1
files/file0449.jpg,1
files/file0450.jpg,1
files/file0451.jpg,1
files/file0452.jpg,1
files/file0453.jpg,1
files/file0454.jpg,1
files/file0455.jpg,1
files/file0456.jpg,1
files/file0457.jpg,1
files/file0458.jpg,1
files/file0459.jpg,1
files/file0460.jpg,1
files/file0461.jpg,1
files/file0462.jpg,1
files/file0463.jpg,1
files/file0464.jpg,1
files/file0465.jpg,1
files/file0466.jpg,1
files/file0467.jpg,1
files/file0468.jpg,1
files/file0469.jpg,1
files/file0470.jpg,1
files/file0471.jpg,1
files/file0472.jpg,1
files/file0473.jpg,1
files/file0474.jpg,1
files/file0475.jpg,1
files/file0476.jpg,1
files/file0477.jpg,1
files/file0478.jpg,1
files/file0479.jpg,1
files/file0480.jpg,1
files/file0481.jpg,1
files/file0482.jpg,1
files/file0483.jpg,1
files/file0484.jpg,1
files/file0485.jpg,1
files/file0486.jpg,1
files/file0487.jpg,1
files/file0488.jpg,1
files/file0489.jpg,1
files/file0490.jpg,1
files/file0491.jpg,1
files/file0492.jpg,1
files/file0493.jpg,1
files/file0494.jpg,1
files/file0495.jpg,1
files/file0496.jpg,1
files/file0497.jpg,1
files/file0498.jpg,1
files/file0499.jpg,1
files/file0500.jpg,1
files/file0501.jpg,1
files/file0502.jpg,1
files/file0503.jpg,1
files/file0504.jpg,1
files/file0505.jpg,1
files/file0506.jpg,1
files/file0507.jpg,1
files/file0508.jpg,1
files/file0509.jpg,1
files/file0510.jpg,1
files/file0511.jpg,1
files/file0512.jpg,1
files/file0513.jpg,1
files/file0514.jpg,1
files/file0515.jpg,1
files/file0516.jpg,1
files/file0517.jpg,1
files/file0518.jpg,1
files/file0519.jpg,1
files/file0520.jpg,1
files/file0521.jpg,1
files/file0522.jpg,1
files/file0523.jpg,1
files/file0524.jpg,1
files/file0525.jpg,1
files/file0526.jpg,1
files/file0527.jpg,1
files/file0528.jpg,1
files/file0529.jpg,1
files/file0530.jpg,1
files/file0531.jpg,1
files/file0532.jpg,1
files/file0533.jpg,1
files/file0534.jpg,1
files/file0535.jpg,1
files/file0536.jpg,1
files/file0537.jpg,1
files/file0538.jpg,1
files/file0539.jpg,1
files/file0540.jpg,1
files/file0541.jpg,1
files/file0542.jpg,1
files/file0543.jpg,1
files/file0544.jpg,1
files/file0545.jpg,1
files/file0546.jpg,1
files/file0547.jpg,1
files/file0548.jpg,1
files/file0549.jpg,1
files/file0550.jpg,1
files/file0551.jpg,1
files/file0552.jpg,1
files/file0553.jpg,1
files/file0554.jpg,1
files/file0555.jpg,1
files/file0556.jpg,1
files/file0557.jpg,1
files/file0558.jpg,1
files/file0559.jpg,1
files/file0560.jpg,1
files/file0561.jpg,1
files/file0562.jpg,1
files/file0563.jpg,1
files/file0564.jpg,1
files/file0565.jpg,1
files/file0566.jpg,1
files/file0567.jpg,1
files/file0568.jpg,1
files/file0569.jpg,1
files/file0570.jpg,1
files/file0571.jpg,1
files/file0572.jpg,1
files/file0573.jpg,1
files/file0574.jpg,1
files/file0575.jpg,1
files/file0576.jpg,1
files/file0577.jpg,1
files/file0578.jpg,1
files/file0579.jpg,1
files/file0580.jpg,1
files/file0581.jpg,1
files/file0582.jpg,1
files/file0583.jpg,1
files/file0584.jpg,1
files/file0585.jpg,1
files/file0586.jpg,1
files/file0587.jpg,1
files/file0588.jpg,1
files/file0589.jpg,1
files/file0590.jpg,1
files/file0591.jpg,1
files/file0592.jpg,1
files/file0593.jpg,1
files/file0594.jpg,1
files/file0595.jpg,1
files/file0596.jpg,1
files/file0597.jpg,1
files/file0598.jpg,1
files/file0599.jpg,1
files/file0600.jpg,1
files/file0601.jpg,1
files/file0602.jpg,1
files/file0603.jpg,1
files/file0604.jpg,1
files/file0605.jpg,1
files/file0606.jpg,1
files/file0607.jpg,1
files/file0608.jpg,1
files/file0609.jpg,1
files/file0610.jpg,1
files/file0611.jpg,1
files/file0612.jpg,1
files/file0613.jpg,1
files/file0614.jpg,1
files/file0615.jpg,1
files/file0616.jpg,1
files/file0617.jpg,1
files/file0618.jpg,1
files/file0619.jpg,1
files/file0620.jpg,1
files/file0621.jpg,1
files/file0622.jpg,1
files/file0623.jpg,1
files/file0624.jpg,1
files/file0625.jpg,1
files/file0626.jpg,1
files/file0627.jpg,1
files/file0628.jpg,1
files/file0629.jpg,1
files/file0630.jpg,1
files/file0631.jpg,1
files/file0632.jpg,1
files/file0633.jpg,1
files/file0634.jpg,1
files/file0635.jpg,1
files/file0636.jpg,1
files/file0637.jpg,1
files/file0638.jpg,1
files/file0639.jpg,1
files/file0640.jpg,1
files/file0641.jpg,1
files/file0642.jpg,1
files/file0643.jpg,1
files/file0644.jpg,1
files/file0645.jpg,1
files/file0646.jpg,1
files/file0647.jpg,1
files/file0648.jpg,1
files/file0649.jpg,1
files/file0650.jpg,1
files/file0651.jpg,1
files/file0652.jpg,1
files/file0653.jpg,1
files/file0654.jpg,1
files/file0655.jpg,1
files/file0656.jpg,1
files/file0657.jpg,1
files/file0658.jpg,1
files/file0659.jpg,1
files/file0660.jpg,1
files/file0661.jpg,1
files/file0662.jpg,1
files/file0663.jpg,1
files/file0664.jpg,1
files/file0665.jpg,1
files/file0666.jpg,1
files/file0667.jpg,1
files/file0668.jpg,1
files/file0669.jpg,1
files/file0670.jpg,1
files/file0671.jpg,1
files/file0672.jpg,1
files/file0673.jpg,1
files/file0674.jpg,1
files/file0675.jpg,1
files/file0676.jpg,1
files/file0677.jpg,1
files/file0678.jpg,1
files/file0679.jpg,1
files/file0680.jpg,1
files/file0681.jpg,1
files/file0682.jpg,1
files/file0683.jpg,1
files/file0684.jpg,1
files/file0685.jpg,1
files/file0686.jpg,1
files/file0687.jpg,1
files/file0688.jpg,1
files/file0689.jpg,1
files/file0690.jpg,1
files/file0691.jpg,1
files/file0692.jpg,1
files/file0693.jpg,1
files/file0694.jpg,1
files/file0695.jpg,1
files/file0696.jpg,1
files/file0697.jpg,1
files/file0698.jpg,1
files/file0699.jpg,1
files/file0700.jpg,1
files/file0701.jpg,1
files/file0702.jpg,1
files/file0703.jpg,1
files/file0704.jpg,1
files/file0705.jpg,1
files/file0706.jpg,1
files/file0707.jpg,1
files/file0708.jpg,1
files/file0709.jpg,1
files/file0710.jpg,1
files/file0711.jpg,1
files/file0712.jpg,1
files/file0713.jpg,1
files/file0714.jpg,1
files/file0715.jpg,1
files/file0716.jpg,1
files/file0717.jpg,1
files/file0718.jpg,1
files/file0719.jpg,1
files/file0720.jpg,1
files/file0721.jpg,1
files/file0722.jpg,1
files/file0723.jpg,1
files/file0724.jpg,1
files/file0725.jpg,1
files/file0726.jpg,1
files/file0727.jpg,1
files/file0728.jpg,1
files/file0729.jpg,1
files/file0730.jpg,1
files/file0731.jpg,1
files/file0732.jpg,1
files/file0733.jpg,1
files/file0734.jpg,1
files/file0735.jpg,1
files/file0736.jpg,1
files/file0737.jpg,1
files/file0738.jpg,1
files/file0739.jpg,1
files/file0740.jpg,1
files/file0741.jpg,1
files/file0742.jpg,1
files/file0743.jpg,1
files/file0744.jpg,1
files/file0745.jpg,1
files/file0746.jpg,1
files/file0747.jpg,1
files/file0748.jpg,1
files/file0749.jpg,1
files/file0750.jpg,1
files/file0751.jpg,1
files/file0752.jpg,1
files/file0753.jpg,1
files/file0754.jpg,1
files/file0755.jpg,1
files/file0756.jpg,1
files/file0757.jpg,1
files/file0758.jpg,1
files/file0759.jpg,1
files/file0760.jpg,1
files/file0761.jpg,1
files/file0762.jpg,1
files/file0763.jpg,1
files/file0764.jpg,1
files/file0765.jpg,1
files/file0766.jpg,1
files/file0767.jpg,1
files/file0768.jpg,1
files/file0769.jpg,1
files/file0770.jpg,1
files/file0771.jpg,1
files/file0772.jpg,1
files/file0773.jpg,1
files/file0774.jpg,1
files/file0775.jpg,1
files/file0776.jpg,1
files/file0777.jpg,1
files/file0778.jpg,1
files/file0779.jpg,1
files/file0780.jpg,1
files/file0781.jpg,1
files/file0782.jpg,1
files/file0783.jpg,1
files/file0784.jpg,1
files/file0785.jpg,1
files/file0786.jpg,1
files/file0787.jpg,1
files/file0788.jpg,1
files/file0789.jpg,1
files/file0790.jpg,1
files/file0791.jpg,1
files/file0792.jpg,1
files/file0793.jpg,1
files/file0794.jpg,1
files/file0795.jpg,1
files/file0796.jpg,1
files/file0797.jpg,1
files/file0798.jpg,1
files/file0799.jpg,1
files/file0800.jpg,1
files/file0801.jpg,1
files/file0802.jpg,1
files/file0803.jpg,1
files/file0804.jpg,1
files/file0805.jpg,1
files/file0806.jpg,1
files/file0807.jpg,1
files/file0808.jpg,1
files/file0809.jpg,1
files/file0810.jpg,1
files/file0811.jpg,1
files/file0812.jpg,1
files/file0813.jpg,1
files/file0814.jpg,1
files/file0815.jpg,1
files/file0816.jpg,1
files/file0817.jpg,1
files/file0818.jpg,1
files/file0819.jpg,1
files/file0820.jpg,1
files/file0821.jpg,1
files/file0822.jpg,1
files/file0823.jpg,1
files/file0824.jpg,1
files/file0825.jpg,1
files/file0826.jpg,1
files/file0827.jpg,1
files/file0828.jpg,1
files/file0829.jpg,1
files/file0830.jpg,1
files/file0831.jpg,1
files/file0832.jpg,1
files/file0833.jpg,1
files/file0834.jpg,1
files/file0835.jpg,1
files/file0836.jpg,1
files/file0837.jpg,1
files/file0838.jpg,1
files/file0839.jpg,1
files/file0840.jpg,1
files/file0841.jpg,1
files/file0842.jpg,1
files/file0843.jpg,1
files/file0844.jpg,1
files/file0845.jpg,1
files/file0846.jpg,1
files/file0847.jpg,1
files/file0848.jpg,1
files/file0849.jpg,1
files/file0850.jpg,1
files/file0851.jpg,1
files/file0852.jpg,1
files/file0853.jpg,1
files/file0854.jpg,1
files/file0855.jpg,1
files/file0856.jpg,1
files/file0857.jpg,1
files/file0858.jpg,1
files/file0859.jpg,1
files/file0860.jpg,1
files/file0861.jpg,1
files/file0862.jpg,1
files/file0863.jpg,1
files/file0864.jpg,1
files/file0865.jpg,1
files/file0866.jpg,1
files/file0867.jpg,1
files/file0868.jpg,1
files/file0869.jpg,1
files/file0870.jpg,1
files/file0871.jpg,1
files/file0872.jpg,1
files/file0873.jpg,1
files/file0874.jpg,1
files/file0875.jpg,1
files/file0876.jpg,1
files/file0877.jpg,1
files/file0878.jpg,1
files/file0879.jpg,1
files/file0880.jpg,1
files/file0881.jpg,1
files/file0882.jpg,1
files/file0883.jpg,1
files/file0884.jpg,1
files/file0885.jpg,1
files/file0886.jpg,1
files/file0887.jpg,1
files/file0888.jpg,1
files/file0889.jpg,1
files/file0890.jpg,1
files/file0891.jpg,1
files/file0892.jpg,1
files/file0893.jpg,1
files/file0894.jpg,1
files/file0895.jpg,1
files/file0896.jpg,1
files/file0897.jpg,1
files/file0898.jpg,1
files/file0899.jpg,1
files/file0900.jpg,1
files/file0901.jpg,1
files/file0902.jpg,1
files/file0903.jpg,1
files/file0904.jpg,1
files/file0905.jpg,1
files/file0906.jpg,1
files/file0907.jpg,1
files/file0908.jpg,1
files/file0909.jpg,1
files/file0910.jpg,1
files/file0911.jpg,1
files/file0912.jpg,1
files/file0913.jpg,1
files/file0914.jpg,1
files/file0915.jpg,1
files/file0916.jpg,1
files/file0917.jpg,1
files/file0918.jpg,1
files/file0919.jpg,1
files/file0920.jpg,1
files/file0921.jpg,1
files/file0922.jpg,1
files/file0923.jpg,1
files/file0924.jpg,1
files/file0925.jpg,1
files/file0926.jpg,1
files/file0927.jpg,1
files/file0928.jpg,1
files/file0929.jpg,1
files/file0930.jpg,1
files/file0931.jpg,1
files/file0932.jpg,1
files/file0933.jpg,1
files/file0934.jpg,1
files/file0935.jpg,1
files/file0936.jpg,1
files/file0937.jpg,1
files/file0938.jpg,1
files/file0939.jpg,1
files/file0940.jpg,1
files/file0941.jpg,1
files/file0942.jpg,1
files/file0943.jpg,1
files/file0944.jpg,1
files/file0945.jpg,1
files/file0946.jpg,1
files/file0947.jpg,1
files/file0948.jpg,1
files/file0949.jpg,1
files/file0950.jpg,1
files/file0951.jpg,1
files/file0952.jpg,1
files/file0953.jpg,1
files/file0954.jpg,1
files/file0955.jpg,1
files/file0956.jpg,1
files/file0957.jpg,1
files/file0958.jpg,1
files/file0959.jpg,1
files/file0960.jpg,1
files/file0961.jpg,1
files/file0962.jpg,1
files/file0963.jpg,1
files/file0964.jpg,1
files/file0965.jpg,1
files/file0966.jpg,1
files/file0967.jpg,1
files/file0968.jpg,1
files/file0969.jpg,1
files/file0970.jpg,1
files/file0971.jpg,1
files/file0972.jpg,1
files/file0973.jpg,1
files/file0974.jpg,1
files/file0975.jpg,1
files/file0976.jpg,1
files/file0977.jpg,1
files/file0978.jpg,1
files/file0979.jpg,1
files/file0980.jpg,1
files/file0981.jpg,1
files/file0982.jpg,1
files/file0983.jpg,1
files/file0984.jpg,1
files/file0985.jpg,1
files/file0986.jpg,1
files/file0987.jpg,1
files/file0988.jpg,1
files/file0989.jpg,1
files/file0990.jpg,1
files/file0991.jpg,1
files/file0992.jpg,1
files/file0993.jpg,1
files/file0994.jpg,1
files/file0995.jpg,1
files/file0996.jpg,1
files/file0997.jpg,1
files/file0998.jpg,1
files/file0999.jpg,1
files/file1000.jpg,1
files/file1001.jpg,1
files/file1002.jpg,1
files/file1003.jpg,1
files/file1004.jpg,1
files/file1005.jpg,1
files/file1006.jpg,1
files/file1007.jpg,1
files/file1008.jpg,1
files/file1009.jpg,1
files/file1010.jpg,1
files/file1011.jpg,1
files/file1012.jpg,1
files/file1013.jpg,1
files/file1014.jpg,1
files/file1015.jpg,1
files/file1016.jpg,1
files/file1017.jpg,1
files/file1018.jpg,1
files/file1019.jpg,1
files/file1020.jpg,1
files/file1021.jpg,1
files/file1022.jpg,1
files/file1023.jpg,1
files/file1024.jpg,1
files/file1025.jpg,1
files/file1026.jpg,1
files/file1027.jpg,1
files/file1028.jpg,1
files/file1029.jpg,1
files/file1030.jpg,1
files/file1031.jpg,1
files/file1032.jpg,1
files/file1033.jpg,1
files/file1034.jpg,1
files/file1035.jpg,1
files/file1036.jpg,1
files/file1037.jpg,1
files/file1038.jpg,1
files/file1039.jpg,1
files/file1040.jpg,1
files/file1041.jpg,1
files/file1042.jpg,1
files/file1043.jpg,1
files/file1044.jpg,1
files/file1045.jpg,1
files/file1046.jpg,1
files/file1047.jpg,1
files/file1048.jpg,1
files/file1049.jpg,1
files/file1050.jpg,1
files/file1051.jpg,1
files/file1052.jpg,1
files/file1053.jpg,1
files/file1054.jpg,1
files/file1055.jpg,1
files/file1056.jpg,1
files/file1057.jpg,1
files/file1058.jpg,1
files/file1059.jpg,1
files/file1060.jpg,1
files/file1061.jpg,1
files/file1062.jpg,1
files/file1063.jpg,1
files/file1064.jpg,1
files/file1065.jpg,1
files/file1066.jpg,1
files/file1067.jpg,1
files/file1068.jpg,1
files/file1069.jpg,1
files/file1070.jpg,1
files/file1071.jpg,1
files/file1072.jpg,1
files/file1073.jpg,1
files/file1074.jpg,1
files/file1075.jpg,1
files/file1076.jpg,1
files/file1077.jpg,1
files/file1078.jpg,1
files/file1079.jpg,1
files/file1080.jpg,1
files/file1081.jpg,1
files/file1082.jpg,1
files/file1083.jpg,1
files/file1084.jpg,1
files/file1085.jpg,1
files/file1086.jpg,1
files/file1087.jpg,1
files/file1088.jpg,1
files/file1089.jpg,1
files/file1090.jpg,1
files/file1091.jpg,1
files/file1092.jpg,1
files/file1093.jpg,1
files/file1094.jpg,1
files/file1095.jpg,1
files/file1096.jpg,1
files/file1097.jpg,1
files/file1098.jpg,1
files/file1099.jpg,1
files/file1100.jpg,1
files/file1101.jpg,1
files/file1102.jpg,1
files/file1103.jpg,1
files/file1104.jpg,1
files/file1105.jpg,1
files/file1106.jpg,1
files/file1107.jpg,1
files/file1108.jpg,1
files/file1109.jpg,1
files/file1110.jpg,1
files/file1111.jpg,1
files/file1112.jpg,1
files/file1113.jpg,1
files/file1114.jpg,1
files/file1115.jpg,1
files/file1116.jpg,1
files/file1117.jpg,1
files/file1118.jpg,1
files/file1119.jpg,1
files/file1120.jpg,1
files/file1121.jpg,1
files/file1122.jpg,1
files/file1123.jpg,1
files/file1124.jpg,1
files/file1125.jpg,1
files/file1126.jpg,1
files/file1127.jpg,1
files/file1128.jpg,1
files/file1129.jpg,1
files/file1130.jpg,1
files/file1131.jpg,1
files/file1132.jpg,1
files/file1133.jpg,1
files/file1134.jpg,1
files/file1135.jpg,1
files/file1136.jpg,1
files/file1137.jpg,1
files/file1138.jpg,1
files/file1139.jpg,1
files/file1140.jpg,1
files/file1141.jpg,1
files/file1142.jpg,1
files/file1143.jpg,1
files/file1144.jpg,1
files/file1145.jpg,1
files/file1146.jpg,1
files/file1147.jpg,1
files/file1148.jpg,1
files/file1149.jpg,1
files/file1150.jpg,1
files/file1151.jpg,1
files/file1152.jpg,1
files/file1153.jpg,1
files/file1154.jpg,1
files/file1155.jpg,1
files/file1156.jpg,1
files/file1157.jpg,1
files/file1158.jpg,1
files/file1159.jpg,1
files/file1160.jpg,1
files/file1161.jpg,1
files/file1162.jpg,1
files/file1163.jpg,1
files/file1164.jpg,1
files/file1165.jpg,1
files/file1166.jpg,1
files/file1167.jpg,1
files/file1168.jpg,1
files/file1169.jpg,1
files/file1170.jpg,1
files/file1171.jpg,1
files/file1172.jpg,1
files/file1173.jpg,1
files/file1174.jpg,1
files/file1175.jpg,1
files/file1176.jpg,1
files/file1177.jpg,1
files/file1178.jpg,1
files/file1179.jpg,1
files/file1180.jpg,1
files/file1181.jpg,1
files/file1182.jpg,1
files/file1183.jpg,1
files/file1184.jpg,1
files/file1185.jpg,1
files/file1186.jpg,1
files/file1187.jpg,1
files/file1188.jpg,1
files/file1189.jpg,1
files/file1190.jpg,1
files/file1191.jpg,1
files/file1192.jpg,1
files/file1193.jpg,1
files/file1194.jpg,1
files/file1195.jpg,1
files/file1196.jpg,1
files/file1197.jpg,1
files/file1198.jpg,1
files/file1199.jpg,1
files/file1200.jpg,1
files/file1201.jpg,1
files/file1202.jpg,1
files/file1203.jpg,1
files/file1204.jpg,1
files/file1205.jpg,1
files/file1206.jpg,1
files/file1207.jpg,1
files/file1208.jpg,1
files/file1209.jpg,1
files/file1210.jpg,1
files/file1211.jpg,1
files/file1212.jpg,1
files/file1213.jpg,1
files/file1214.jpg,1
files/file1215.jpg,1
files/file1216.jpg,1
files/file1217.jpg,1
files/file1218.jpg,1
files/file1219.jpg,1
files/file1220.jpg,1
files/file1221.jpg,1
files/file1222.jpg,1
files/file1223.jpg,1
files/file1224.jpg,1
files/file1225.jpg,1
files/file1226.jpg,1
files/file1227.jpg,1
files/file1228.jpg,1
files/file1229.jpg,1
files/file1230.jpg,1
files/file1231.jpg,1
files/file1232.jpg,1
files/file1233.jpg,1
files/file1234.jpg,1
files/file1235.jpg,1
files/file1236.jpg,1
files/file1237.jpg,1
files/file1238.jpg,1
files/file1239.jpg,1
files/file1240.jpg,1
files/file1241.jpg,1
files/file1242.jpg,1
files/file1243.jpg,1
files/file1244.jpg,1
files/file1245.jpg,1
files/file1246.jpg,1
files/file1247.jpg,1
files/file1248.jpg,1
files/file1249.jpg,1
files/file1250.jpg,1
files/file1251.jpg,1
files/file1252.jpg,1
files/file1253.jpg,1
files/file1254.jpg,1
files/file1255.jpg,1
files/file1256.jpg,1
files/file1257.jpg,1
files/file1258.jpg,1
files/file1259.jpg,1
files/file1260.jpg,1
files/file1261.jpg,1
files/file1262.jpg,1
files/file1263.jpg,1
files/file1264.jpg,1
files/file1265.jpg,1
files/file1266.jpg,1
files/file1267.jpg,1
files/file1268.jpg,1
files/file1269.jpg,1
files/file1270.jpg,1
files/file1271.jpg,1
files/file1272.jpg,1
files/file1273.jpg,1
files/file1274.jpg,1
files/file1275.jpg,1
files/file1276.jpg,1
files/file1277.jpg,1
files/file1278.jpg,1
files/file1279.jpg,1
files/file1280.jpg,1
files/file1281.jpg,1
files/file1282.jpg,1
files/file1283.jpg,1
files/file1284.jpg,1
files/file1285.jpg,1
files/file1286.jpg,1
files/file1287.jpg,1
files/file1288.jpg,1
files/file1289.jpg,1
files/file1290.jpg,1
files/file1291.jpg,1
files/file1292.jpg,1
files/file1293.jpg,1
files/file1294.jpg,1
files/file1295.jpg,1
files/file1296.jpg,1
files/file1297.jpg,1
files/file1298.jpg,1
files/file1299.jpg,1
files/file1300.jpg,1
files/file1301.jpg,1
files/file1302.jpg,1
files/file1303.jpg,1
files/file1304.jpg,1
files/file1305.jpg,1
files/file1306.jpg,1
files/file1307.jpg,1
files/file1308.jpg,1
files/file1309.jpg,1
files/file1310.jpg,1
files/file1311.jpg,1
files/file1312.jpg,1
files/file1313.jpg,1
files/file1314.jpg,1
files/file1315.jpg,1
files/file1316.jpg,1
files/file1317.jpg,1
files/file1318.jpg,1
files/file1319.jpg,1
files/file1320.jpg,1
files/file1321.jpg,1
files/file1322.jpg,1
files/file1323.jpg,1
files/file1324.jpg,1
files/file1325.jpg,1
files/file1326.jpg,1
files/file1327.jpg,1
files/file1328.jpg,1
files/file1329.jpg,1
files/file1330.jpg,1
files/file1331.jpg,1
files/file1332.jpg,1
files/file1333.jpg,1
files/file1334.jpg,1
files/file1335.jpg,1
files/file1336.jpg,1
files/file1337.jpg,1
files/file1338.jpg,1
files/file1339.jpg,1
files/file1340.jpg,1
files/file1341.jpg,1
files/file1342.jpg,1
files/file1343.jpg,1
files/file1344.jpg,1
files/file1345.jpg,1
files/file1346.jpg,1
files/file1347.jpg,1
files/file1348.jpg,1
files/file1349.jpg,1
files/file1350.jpg,1
files/file1351.jpg,1
files/file1352.jpg,1
files/file1353.jpg,1
files/file1354.jpg,1
files/file1355.jpg,1
files/file1356.jpg,1
files/file1357.jpg,1
files/file1358.jpg,1
files/file1359.jpg,1
files/file1360.jpg,1
files/file1361.jpg,1
files/file1362.jpg,1
files/file1363.jpg,1
files/file1364.jpg,1
files/file1365.jpg,1
files/file1366.jpg,1
files/file1367.jpg,1
files/file1368.jpg,1
files/file1369.jpg,1
files/file1370.jpg,1
files/file1371.jpg,1
files/file1372.jpg,1
files/file1373.jpg,1
files/file1374.jpg,1
files/file1375.jpg,1
files/file1376.jpg,1
files/file1377.jpg,1
files/file1378.jpg,1
files/file1379.jpg,1
files/file1380.jpg,1
files/file1381.jpg,1
files/file1382.jpg,1
files/file1383.jpg,1
files/file1384.jpg,1
files/file1385.jpg,1
files/file1386.jpg,1
files/file1387.jpg,1
files/file1388.jpg,1
files/file1389.jpg,1
files/file1390.jpg,1
files/file1391.jpg,1
files/file1392.jpg,1
files/file1393.jpg,1
files/file1394.jpg,1
files/file1395.jpg,1
files/file1396.jpg,1
files/file1397.jpg,1
files/file1398.jpg,1
files/file1399.jpg,1
files/file1400.jpg,1
files/file1401.jpg,1
files/file1402.jpg,1
files/file1403.jpg,1
files/file1404.jpg,1
files/file1405.jpg,1
files/file1406.jpg,1
files/file1407.jpg,1
files/file1408.jpg,1
files/file1409.jpg,1
files/file1410.jpg,1
files/file1411.jpg,1
files/file1412.jpg,1
files/file1413.jpg,1
files/file1414.jpg,1
files/file1415.jpg,1
files/file1416.jpg,1
files/file1417.jpg,1
files/file1418.jpg,1
files/file1419.jpg,1
files/file1420.jpg,1
files/file1421.jpg,1
files/file1422.jpg,1
files/file1423.jpg,1
files/file1424.jpg,1
files/file1425.jpg,1
files/file1426.jpg,1
files/file1427.jpg,1
files/file1428.jpg,1
files/file1429.jpg,1
files/file1430.jpg,1
files/file1431.jpg,1
files/file1432.jpg,1
files/file1433.jpg,1
files/file1434.jpg,1
files/file1435.jpg,1
files/file1436.jpg,1
files/file1437.jpg,1
files/file1438.jpg,1
files/file1439.jpg,1
files/file1440.jpg,1
files/file1441.jpg,1
files/file1442.jpg,1
files/file1443.jpg,1
files/file1444.jpg,1
files/file1445.jpg,1
files/file1446.jpg,1
files/file1447.jpg,1
files/file1448.jpg,1
files/file1449.jpg,1
files/file1450.jpg,1
files/file1451.jpg,1
files/file1452.jpg,1
files/file1453.jpg,1
files/file1454.jpg,1
files/file1455.jpg,1
files/file1456.jpg,1
files/file1457.jpg,1
files/file1458.jpg,1
files/file1459.jpg,1
files/file1460.jpg,1
files/file1461.jpg,1
files/file1462.jpg,1
files/file1463.jpg,1
files/file1464.jpg,1
files/file1465.jpg,1
files/file1466.jpg,1
files/file1467.jpg,1
files/file1468.jpg,1
files/file1469.jpg,1
files/file1470.jpg,1
files/file1471.jpg,1
files/file1472.jpg,1
files/file1473.jpg,1
files/file1474.jpg,1
files/file1475.jpg,1
files/file1476.jpg,1
files/file1477.jpg,1
files/file1478.jpg,1
files/file1479.jpg,1
files/file1480.jpg,1
files/file1481.jpg,1
files/file1482.jpg,1
files/file1483.jpg,1
files/file1484.jpg,1
files/file1485.jpg,1
files/file1486.jpg,1
files/file1487.jpg,1
files/file1488.jpg,1
files/file1489.jpg,1
files/file1490.jpg,1
files/file1491.jpg,1
files/file1492.jpg,1
files/file1493.jpg,1
files/file1494.jpg,1
files/file1495.jpg,1
files/file1496.jpg,1
files/file1497.jpg,1
files/file1498.jpg,1
files/file1499.jpg,1
files/file1500.jpg,1
files/file1501.jpg,1
files/file1502.jpg,1
files/file1503.jpg,1
files/file1504.jpg,1
files/file1505.jpg,1
files/file1506.jpg,1
files/file1507.jpg,1
files/file1508.jpg,1
files/file1509.jpg,1
files/file1510.jpg,1
files/file1511.jpg,1
files/file1512.jpg,1
files/file1513.jpg,1
files/file1514.jpg,1
files/file1515.jpg,1
files/file1516.jpg,1
files/file1517.jpg,1
files/file1518.jpg,1
files/file1519.jpg,1
files/file1520.jpg,1
files/file1521.jpg,1
files/file1522.jpg,1
files/file1523.jpg,1
files/file1524.jpg,1
files/file1525.jpg,1
files/file1526.jpg,1
files/file1527.jpg,1
files/file1528.jpg,1
files/file1529.jpg,1
files/file1530.jpg,1
files/file1531.jpg,1
files/file1532.jpg,1
files/file1533.jpg,1
files/file1534.jpg,1
files/file1535.jpg,1
files/file1536.jpg,1
files/file1537.jpg,1
files/file1538.jpg,1
files/file1539.jpg,1
files/file1540.jpg,1
files/file1541.jpg,1
files/file1542.jpg,1
files/file1543.jpg,1
files/file1544.jpg,1
files/file1545.jpg,1
files/file1546.jpg,1
files/file1547.jpg,1
files/file1548.jpg,1
files/file1549.jpg,1
files/file1550.jpg,1
files/file1551.jpg,1
files/file1552.jpg,1
files/file1553.jpg,1
files/file1554.jpg,1
files/file1555.jpg,1
files/file1556.jpg,1
files/file1557.jpg,1
files/file1558.jpg,1
files/file1559.jpg,1
files/file1560.jpg,1
files/file1561.jpg,1
files/file1562.jpg,1
files/file1563.jpg,1
files/file1564.jpg,1
files/file1565.jpg,1
files/file1566.jpg,1
files/file1567.jpg,1
files/file1568.jpg,1
files/file1569.jpg,1
files/file1570.jpg,1
files/file1571.jpg,1
files/file1572.jpg,1
files/file1573.jpg,1
files/file1574.jpg,1
files/file1575.jpg,1
files/file1576.jpg,1
files/file1577.jpg,1
files/file1578.jpg,1
files/file1579.jpg,1
files/file1580.jpg,1
files/file1581.jpg,1
files/file1582.jpg,1
files/file1583.jpg,1
files/file1584.jpg,1
files/file1585.jpg,1
files/file1586.jpg,1
files/file1587.jpg,1
files/file1588.jpg,1
files/file1589.jpg,1
files/file1590.jpg,1
files/file1591.jpg,1
files/file1592.jpg,1
files/file1593.jpg,1
files/file1594.jpg,1
files/file1595.jpg,1
files/file1596.jpg,1
files/file1597.jpg,1
files/file1598.jpg,1
files/file1599.jpg,1
files/file1600.jpg,1
files/file1601.jpg,1
files/file1602.jpg,1
files/file1603.jpg,1
files/file1604.jpg,1
files/file1605.jpg,1
files/file1606.jpg,1
files/file1607.jpg,1
files/file1608.jpg,1
files/file1609.jpg,1
files/file1610.jpg,1
files/file1611.jpg,1
files/file1612.jpg,1
files/file1613.jpg,1
files/file1614.jpg,1
files/file1615.jpg,1
files/file1616.jpg,1
files/file1617.jpg,1
files/file1618.jpg,1
files/file1619.jpg,1
files/file1620.jpg,1
files/file1621.jpg,1
files/file1622.jpg,1
files/file1623.jpg,1
files/file1624.jpg,1
files/file1625.jpg,1
files/file1626.jpg,1
files/file1627.jpg,1
files/file1628.jpg,1
files/file1629.jpg,1
files/file1630.jpg,1
files/file1631.jpg,1
files/file1632.jpg,1
files/file1633.jpg,1
files/file1634.jpg,1
files/file1635.jpg,1
files/file1636.jpg,1
files/file1637.jpg,1
files/file1638.jpg,1
files/file1639.jpg,1
files/file1640.jpg,1
files/file1641.jpg,1
files/file1642.jpg,1
files/file1643.jpg,1
files/file1644.jpg,1
files/file1645.jpg,1
files/file1646.jpg,1
files/file1647.jpg,1
files/file1648.jpg,1
files/file1649.jpg,1
files/file1650.jpg,1
files/file1651.jpg,1
files/file1652.jpg,1
files/file1653.jpg,1
files/file1654.jpg,1
files/file1655.jpg,1
files/file1656.jpg,1
files/file1657.jpg,1
files/file1658.jpg,1
files/file1659.jpg,1
files/file1660.jpg,1
files/file1661.jpg,1
files/file1662.jpg,1
files/file1663.jpg,1
files/file1664.jpg,1
files/file1665.jpg,1
files/file1666.jpg,1
files/file1667.jpg,1
files/file1668.jpg,1
files/file1669.jpg,1
files/file1670.jpg,1
files/file1671.jpg,1
files/file1672.jpg,1
files/file1673.jpg,1
files/file1674.jpg,1
files/file1675.jpg,1
files/file1676.jpg,1
files/file1677.jpg,1
files/file1678.jpg,1
files/file1679.jpg,1
files/file1680.jpg,1
files/file1681.jpg,1
files/file1682.jpg,1
files/file1683.jpg,1
files/file1684.jpg,1
files/file1685.jpg,1
files/file1686.jpg,1
files/file1687.jpg,1
files/file1688.jpg,1
files/file1689.jpg,1
files/file1690.jpg,1
files/file1691.jpg,1
files/file1692.jpg,1
files/file1693.jpg,1
files/file1694.jpg,1
files/file1695.jpg,1
files/file1696.jpg,1
files/file1697.jpg,1
files/file1698.jpg,1
files/file1699.jpg,1
files/file1700.jpg,1
files/file1701.jpg,1
files/file1702.jpg,1
files/file1703.jpg,1
files/file1704.jpg,1
files/file1705.jpg,1
files/file1706.jpg,1
files/file1707.jpg,1
files/file1708.jpg,1
files/file1709.jpg,1
files/file1710.jpg,1
files/file1711.jpg,1
files/file1712.jpg,1
files/file1713.jpg,1
files/file1714.jpg,1
files/file1715.jpg,1
files/file1716.jpg,1
files/file1717.jpg,1
files/file1718.jpg,1
files/file1719.jpg,1
files/file1720.jpg,1
files/file1721.jpg,1
files/file1722.jpg,1
files/file1723.jpg,1
files/file1724.jpg,1
files/file1725.jpg,1
files/file1726.jpg,1
files/file1727.jpg,1
files/file1728.jpg,1
files/file1729.jpg,1
files/file1730.jpg,1
files/file1731.jpg,1
files/file1732.jpg,1
files/file1733.jpg,1
files/file1734.jpg,1
files/file1735.jpg,1
files/file1736.jpg,1
files/file1737.jpg,1
files/file1738.jpg,1
files/file1739.jpg,1
files/file1740.jpg,1
files/file1741.jpg,1
files/file1742.jpg,1
files/file1743.jpg,1
files/file1744.jpg,1
files/file1745.jpg,1
files/file1746.jpg,1
files/file1747.jpg,1
files/file1748.jpg,1
files/file1749.jpg,1
files/file1750.jpg,1
files/file1751.jpg,1
files/file1752.jpg,1
files/file1753.jpg,1
files/file1754.jpg,1
files/file1755.jpg,1
files/file1756.jpg,1
files/file1757.jpg,1
files/file1758.jpg,1
files/file1759.jpg,1
files/file1760.jpg,1
files/file1761.jpg,1
files/file1762.jpg,1
files/file1763.jpg,1
files/file1764.jpg,1
files/file1765.jpg,1
files/file1766.jpg,1
files/file1767.jpg,1
files/file1768.jpg,1
files/file1769.jpg,1
files/file1770.jpg,1
files/file1771.jpg,1
files/file1772.jpg,1
files/file1773.jpg,1
files/file1774.jpg,1
files/file1775.jpg,1
files/file1776.jpg,1
files/file1777.jpg,1
files/file1778.jpg,1
files/file1779.jpg,1
files/file1780.jpg,1
files/file1781.jpg,1
files/file1782.jpg,1
files/file1783.jpg,1
files/file1784.jpg,1
files/file1785.jpg,1
files/file1786.jpg,1
files/file1787.jpg,1
files/file1788.jpg,1
files/file1789.jpg,1
files/file1790.jpg,1
files/file1791.jpg,1
files/file1792.jpg,1
files/file1793.jpg,1
files/file1794.jpg,1
files/file1795.jpg,1
files/file1796.jpg,1
files/file1797.jpg,1
files/file1798.jpg,1
files/file1799.jpg,1
files/file1800.jpg,1
files/file1801.jpg,1
files/file1802.jpg,1
files/file1803.jpg,1
files/file1804.jpg,1
files/file1805.jpg,1
files/file1806.jpg,1
files/file1807.jpg,1
files/file1808.jpg,1
files/file1809.jpg,1
files/file1810.jpg,1
files/file1811.jpg,1
files/file1812.jpg,1
files/file1813.jpg,1
files/file1814.jpg,1
files/file1815.jpg,1
files/file1816.jpg,1
files/file1817.jpg,1
files/file1818.jpg,1
files/file1819.jpg,1
files/file1820.jpg,1
files/file1821.jpg,1
files/file1822.jpg,1
files/file1823.jpg,1
files/file1824.jpg,1
files/file1825.jpg,1
files/file1826.jpg,1
files/file1827.jpg,1
files/file1828.jpg,1
files/file1829.jpg,1
files/file1830.jpg,1
files/file1831.jpg,1
files/file1832.jpg,1
files/file1833.jpg,1
files/file1834.jpg,1
files/file1835.jpg,1
files/file1836.jpg,1
files/file1837.jpg,1
files/file1838.jpg,1
files/file1839.jpg,1
files/file1840.jpg,1
files/file1841.jpg,1
files/file1842.jpg,1
files/file1843.jpg,1
files/file1844.jpg,1
files/file1845.jpg,1
files/file1846.jpg,1
files/file1847.jpg,1
files/file1848.jpg,1
files/file1849.jpg,1
files/file1850.jpg,1
files/file1851.jpg,1
files/file1852.jpg,1
files/file1853.jpg,1
files/file1854.jpg,1
files/file1855.jpg,1
files/file1856.jpg,1
files/file1857.jpg,1
files/file1858.jpg,1
files/file1859.jpg,1
files/file1860.jpg,1
files/file1861.jpg,1
files/file1862.jpg,1
files/file1863.jpg,1
files/file1864.jpg,1
files/file1865.jpg,1
files/file1866.jpg,1
files/file1867.jpg,1
files/file1868.jpg,1
files/file1869.jpg,1
files/file1870.jpg,1
files/file1871.jpg,1
files/file1872.jpg,1
files/file1873.jpg,1
files/file1874.jpg,1
files/file1875.jpg,1
files/file1876.jpg,1
files/file1877.jpg,1
files/file1878.jpg,1
files/file1879.jpg,1
files/file1880.jpg,1
files/file1881.jpg,1
files/file1882.jpg,1
files/file1883.jpg,1
files/file1884.jpg,1
files/file1885.jpg,1
files/file1886.jpg,1
files/file1887.jpg,1
files/file1888.jpg,1
files/file1889.jpg,1
files/file1890.jpg,1
files/file1891.jpg,1
files/file1892.jpg,1
files/file1893.jpg,1
files/file1894.jpg,1
files/file1895.jpg,1
files/file1896.jpg,1
files/file1897.jpg,1
files/file1898.jpg,1
files/file1899.jpg,1
files/file1900.jpg,1
files/file1901.jpg,1
files/file1902.jpg,1
files/file1903.jpg,1
files/file1904.jpg,1
files/file1905.jpg,1
files/file1906.jpg,1
files/file1907.jpg,1
files/file1908.jpg,1
files/file1909.jpg,1
files/file1910.jpg,1
files/file1911.jpg,1
files/file1912.jpg,1
files/file1913.jpg,1
files/file1914.jpg,1
files/file1915.jpg,1
files/file1916.jpg,1
files/file1917.jpg,1
files/file1918.jpg,1
files/file1919.jpg,1
files/file1920.jpg,1
files/file1921.jpg,1
files/file1922.jpg,1
files/file1923.jpg,1
files/file1924.jpg,1
files/file1925.jpg,1
files/file1926.jpg,1
files/file1927.jpg,1
files/file1928.jpg,1
files/file1929.jpg,1
files/file1930.jpg,1
files/file1931.jpg,1
files/file1932.jpg,1
files/file1933.jpg,1
files/file1934.jpg,1
files/file1935.jpg,1
files/file1936.jpg,1
files/file1937.jpg,1
files/file1938.jpg,1
files/file1939.jpg,1
files/file1940.jpg,1
files/file1941.jpg,1
files/file1942.jpg,1
files/file1943.jpg,1
files/file1944.jpg,1
files/file1945.jpg,1
files/file1946.jpg,1
files/file1947.jpg,1
files/file1948.jpg,1
files/file1949.jpg,1
files/file1950.jpg,1
files/file1951.jpg,1
files/file1952.jpg,1
files/file1953.jpg,1
files/file1954.jpg,1
files/file1955.jpg,1
files/file1956.jpg,1
files/file1957.jpg,1
files/file1958.jpg,1
files/file1959.jpg,1
files/file1960.jpg,1
files/file1961.jpg,1
files/file1962.jpg,1
files/file1963.jpg,1
files/file1964.jpg,1
files/file1965.jpg,1
files/file1966.jpg,1
files/file1967.jpg,1
files/file1968.jpg,1
files/file1969.jpg,1
files/file1970.jpg,1
files/file1971.jpg,1
files/file1972.jpg,1
files/file1973.jpg,1
files/file1974.jpg,1
files/file1975.jpg,1
files/file1976.jpg,1
files/file1977.jpg,1
files/file1978.jpg,1
files/file1979.jpg,1
files/file1980.jpg,1
files/file1981.jpg,1
files/file1982.jpg,1
files/file1983.jpg,1
files/file1984.jpg,1
files/file1985.jpg,1
files/file1986.jpg,1
files/file1987.jpg,1
files/file1988.jpg,1
files/file1989.jpg,1
files/file1990.jpg,1
files/file1991.jpg,1
files/file1992.jpg,1
files/file1993.jpg,1
files/file1994.jpg,1
files/file1995.jpg,1
files/file1996.jpg,1
files/file1997.jpg,1
files/file1998.jpg,1
files/file1999.jpg,1
files/file2000.jpg,1
files/file2001.jpg,1
files/file2002.jpg,1
files/file2003.jpg,1
files/file2004.jpg,1
files/file2005.jpg,1
files/file2006.jpg,1
files/file2007.jpg,1
files/file2008.jpg,1
files/file2009.jpg,1
files/file2010.jpg,1
files/file2011.jpg,1
files/file2012.jpg,1
files/file2013.jpg,1
files/file2014.jpg,1
files/file2015.jpg,1
files/file2016.jpg,1
files/file2017.jpg,1
files/file2018.jpg,1
files/file2019.jpg,1
files/file2020.jpg,1
files/file2021.jpg,1
files/file2022.jpg,1
files/file2023.jpg,1
files/file2024.jpg,1
files/file2025.jpg,1
files/file2026.jpg,1
files/file2027.jpg,1
files/file2028.jpg,1
files/file2029.jpg,1
files/file2030.jpg,1
files/file2031.jpg,1
files/file2032.jpg,1
files/file2033.jpg,1
files/file2034.jpg,1
files/file2035.jpg,1
files/file2036.jpg,1
files/file2037.jpg,1
files/file2038.jpg,1
files/file2039.jpg,1
files/file2040.jpg,1
files/file2041.jpg,1
files/file2042.jpg,1
files/file2043.jpg,1
files/file2044.jpg,1
files/file2045.jpg,1
files/file2046.jpg,1
files/file2047.jpg,1
files/file2048.jpg,1
files/file2049.jpg,1
files/file2050.jpg,1
files/file2051.jpg,1
files/file2052.jpg,1
files/file2053.jpg,1
files/file2054.jpg,1
files/file2055.jpg,1
files/file2056.jpg,1
files/file2057.jpg,1
files/file2058.jpg,1
files/file2059.jpg,1
files/file2060.jpg,1
files/file2061.jpg,1
files/file2062.jpg,1
files/file2063.jpg,1
files/file2064.jpg,1
files/file2065.jpg,1
files/file2066.jpg,1
files/file2067.jpg,1
files/file2068.jpg,1
files/file2069.jpg,1
files/file2070.jpg,1
files/file2071.jpg,1
files/file2072.jpg,1
files/file2073.jpg,1
files/file2074.jpg,1
files/file2075.jpg,1
files/file2076.jpg,1
files/file2077.jpg,1
files/file2078.jpg,1
files/file2079.jpg,1
files/file2080.jpg,1
files/file2081.jpg,1
files/file2082.jpg,1
files/file2083.jpg,1
files/file2084.jpg,1
files/file2085.jpg,1
files/file2086.jpg,1
files/file2087.jpg,1
files/file2088.jpg,1
files/file2089.jpg,1
files/file2090.jpg,1
files/file2091.jpg,1
files/file2092.jpg,1
files/file2093.jpg,1
files/file2094.jpg,1
files/file2095.jpg,1
files/file2096.jpg,1
files/file2097.jpg,1
files/file2098.jpg,1
files/file2099.jpg,1
files/file2100.jpg,1
files/file2101.jpg,1
files/file2102.jpg,1
files/file2103.jpg,1
files/file2104.jpg,1
files/file2105.jpg,1
files/file2106.jpg,1
files/file2107.jpg,1
files/file2108.jpg,1
files/file2109.jpg,1
files/file2110.jpg,1
files/file2111.jpg,1
files/file2112.jpg,1
files/file2113.jpg,1
files/file2114.jpg,1
files/file2115.jpg,1
files/file2116.jpg,1
files/file2117.jpg,1
files/file2118.jpg,1
files/file2119.jpg,1
files/file2120.jpg,1
files/file2121.jpg,1
files/file2122.jpg,1
files/file2123.jpg,1
files/file2124.jpg,1
files/file2125.jpg,1
files/file2126.jpg,1
files/file2127.jpg,1
files/file2128.jpg,1
files/file2129.jpg,1
files/file2130.jpg,1
files/file2131.jpg,1
files/file2132.jpg,1
files/file2133.jpg,1
files/file2134.jpg,1
files/file2135.jpg,1
files/file2136.jpg,1
files/file2137.jpg,1
files/file2138.jpg,1
files/file2139.jpg,1
files/file2140.jpg,1
files/file2141.jpg,1
files/file2142.jpg,1
files/file2143.jpg,1
files/file2144.jpg,1
files/file2145.jpg,1
files/file2146.jpg,1
files/file2147.jpg,1
files/file2148.jpg,1
files/file2149.jpg,1
files/file2150.jpg,1
files/file2151.jpg,1
files/file2152.jpg,1
files/file2153.jpg,1
files/file2154.jpg,1
files/file2155.jpg,1
files/file2156.jpg,1
files/file2157.jpg,1
files/file2158.jpg,1
files/file2159.jpg,1
files/file2160.jpg,1
files/file2161.jpg,1
files/file2162.jpg,1
files/file2163.jpg,0
files/file2164.jpg,0
files/file2165.jpg,0
files/file2166.jpg,0
files/file2167.jpg,0
files/file2168.jpg,0
files/file2169.jpg,0
files/file2170.jpg,0
files/file2171.jpg,0
files/file2172.jpg,0
files/file2173.jpg,0
files/file2174.jpg,0
files/file2175.jpg,0
files/file2176.jpg,0
files/file2177.jpg,0
files/file2178.jpg,0
files/file2179.jpg,0
files/file2180.jpg,0
files/file2181.jpg,0
files/file2182.jpg,0
files/file2183.jpg,0
files/file2184.jpg,0
files/file2185.jpg,0
files/file2186.jpg,0
files/file2187.jpg,0
files/file2188.jpg,0
files/file2189.jpg,0
files/file2190.jpg,0
files/file2191.jpg,0
files/file2192.jpg,0
files/file2193.jpg,0
files/file2194.jpg,0
files/file2195.jpg,0
files/file2196.jpg,0
files/file2197.jpg,0
files/file2198.jpg,0
files/file2199.jpg,0
files/file2200.jpg,0
files/file2201.jpg,0
files/file2202.jpg,0
files/file2203.jpg,0
files/file2204.jpg,0
files/file2205.jpg,0
files/file2206.jpg,0
files/file2207.jpg,0
files/file2208.jpg,0
files/file2209.jpg,0
files/file2210.jpg,0
files/file2211.jpg,0
files/file2212.jpg,0
files/file2213.jpg,0
files/file2214.jpg,0
files/file2215.jpg,0
files/file2216.jpg,0
files/file2217.jpg,0
files/file2218.jpg,0
files/file2219.jpg,0
files/file2220.jpg,0
files/file2221.jpg,0
files/file2222.jpg,0
files/file2223.jpg,0
files/file2224.jpg,0
files/file2225.jpg,0
files/file2226.jpg,0
files/file2227.jpg,0
files/file2228.jpg,0
files/file2229.jpg,0
files/file2230.jpg,0
files/file2231.jpg,0
files/file2232.jpg,0
files/file2233.jpg,0
files/file2234.jpg,0
files/file2235.jpg,0
files/file2236.jpg,0
files/file2237.jpg,0
files/file2238.jpg,0
files/file2239.jpg,0
files/file2240.jpg,0
files/file2241.jpg,0
files/file2242.jpg,0
files/file2243.jpg,0
files/file2244.jpg,0
files/file2245.jpg,0
files/file2246.jpg,0
files/file2247.jpg,0
files/file2248.jpg,0
files/file2249.jpg,0
files/file2250.jpg,0
files/file2251.jpg,0
files/file2252.jpg,0
files/file2253.jpg,0
files/file2254.jpg,0
files/file2255.jpg,0
files/file2256.jpg,0
files/file2257.jpg,0
files/file2258.jpg,0
files/file2259.jpg,0
files/file2260.jpg,0
files/file2261.jpg,0
files/file2262.jpg,0
files/file2263.jpg,0
files/file2264.jpg,0
files/file2265.jpg,0
files/file2266.jpg,0
files/file2267.jpg,0
files/file2268.jpg,0
files/file2269.jpg,0
files/file2270.jpg,0
files/file2271.jpg,0
files/file2272.jpg,0
files/file2273.jpg,0
files/file2274.jpg,0
files/file2275.jpg,0
files/file2276.jpg,0
files/file2277.jpg,0
files/file2278.jpg,0
files/file2279.jpg,0
files/file2280.jpg,0
files/file2281.jpg,0
files/file2282.jpg,0
files/file2283.jpg,0
files/file2284.jpg,0
files/file2285.jpg,0
files/file2286.jpg,0
files/file2287.jpg,0
files/file2288.jpg,0
files/file2289.jpg,0
files/file2290.jpg,0
files/file2291.jpg,0
files/file2292.jpg,0
files/file2293.jpg,0
files/file2294.jpg,0
files/file2295.jpg,0
files/file2296.jpg,0
files/file2297.jpg,0
files/file2298.jpg,0
files/file2299.jpg,0
files/file2300.jpg,0
files/file2301.jpg,0
files/file2302.jpg,0
files/file2303.jpg,0
files/file2304.jpg,0
files/file2305.jpg,0
files/file2306.jpg,0
files/file2307.jpg,0
files/file2308.jpg,0
files/file2309.jpg,0
files/file2310.jpg,0
files/file2311.jpg,0
files/file2312.jpg,0
files/file2313.jpg,0
files/file2314.jpg,0
files/file2315.jpg,0
files/file2316.jpg,0
files/file2317.jpg,0
files/file2318.jpg,0
files/file2319.jpg,0
files/file2320.jpg,0
files/file2321.jpg,0
files/file2322.jpg,0
files/file2323.jpg,0
files/file2324.jpg,0
files/file2325.jpg,0
files/file2326.jpg,0
files/file2327.jpg,0
files/file2328.jpg,0
files/file2329.jpg,0
files/file2330.jpg,0
files/file2331.jpg,0
files/file2332.jpg,0
files/file2333.jpg,0
files/file2334.jpg,0
files/file2335.jpg,0
files/file2336.jpg,0
files/file2337.jpg,0
files/file2338.jpg,0
files/file2339.jpg,0
files/file2340.jpg,0
files/file2341.jpg,0
files/file2342.jpg,0
files/file2343.jpg,0
files/file2344.jpg,0
files/file2345.jpg,0
files/file2346.jpg,0
files/file2347.jpg,0
files/file2348.jpg,0
files/file2349.jpg,0
files/file2350.jpg,0
files/file2351.jpg,0
files/file2352.jpg,0
files/file2353.jpg,0
files/file2354.jpg,0
files/file2355.jpg,0
files/file2356.jpg,0
files/file2357.jpg,0
files/file2358.jpg,0
files/file2359.jpg,0
files/file2360.jpg,0
files/file2361.jpg,0
files/file2362.jpg,0
files/file2363.jpg,0
files/file2364.jpg,0
files/file2365.jpg,0
files/file2366.jpg,0
files/file2367.jpg,0
files/file2368.jpg,0
files/file2369.jpg,0
files/file2370.jpg,0
files/file2371.jpg,0
files/file2372.jpg,0
files/file2373.jpg,0
files/file2374.jpg,0
files/file2375.jpg,0
files/file2376.jpg,0
files/file2377.jpg,0
files/file2378.jpg,0
files/file2379.jpg,0
files/file2380.jpg,0
files/file2381.jpg,0
files/file2382.jpg,0
files/file2383.jpg,0
files/file2384.jpg,0
files/file2385.jpg,0
files/file2386.jpg,0
files/file2387.jpg,0
files/file2388.jpg,0
files/file2389.jpg,0
files/file2390.jpg,0
files/file2391.jpg,0
files/file2392.jpg,0
files/file2393.jpg,0
files/file2394.jpg,0
files/file2395.jpg,0
files/file2396.jpg,0
files/file2397.jpg,0
files/file2398.jpg,0
files/file2399.jpg,0
files/file2400.jpg,0
files/file2401.jpg,0
files/file2402.jpg,0
files/file2403.jpg,0
files/file2404.jpg,0
files/file2405.jpg,0
files/file2406.jpg,0
files/file2407.jpg,0
files/file2408.jpg,0
files/file2409.jpg,0
files/file2410.jpg,0
files/file2411.jpg,0
files/file2412.jpg,0
files/file2413.jpg,0
files/file2414.jpg,0
files/file2415.jpg,0
files/file2416.jpg,0
files/file2417.jpg,0
files/file2418.jpg,0
files/file2419.jpg,0
files/file2420.jpg,0
files/file2421.jpg,0
files/file2422.jpg,0
files/file2423.jpg,0
files/file2424.jpg,0
files/file2425.jpg,0
files/file2426.jpg,0
files/file2427.jpg,0
files/file2428.jpg,0
files/file2429.jpg,0
files/file2430.jpg,0
files/file2431.jpg,0
files/file2432.jpg,0
files/file2433.jpg,0
files/file2434.jpg,0
files/file2435.jpg,0
files/file2436.jpg,0
files/file2437.jpg,0
files/file2438.jpg,0
files/file2439.jpg,0
files/file2440.jpg,0
files/file2441.jpg,0
files/file2442.jpg,0
files/file2443.jpg,0
files/file2444.jpg,0
files/file2445.jpg,0
files/file2446.jpg,0
files/file2447.jpg,0
files/file2448.jpg,0
files/file2449.jpg,0
files/file2450.jpg,0
files/file2451.jpg,0
files/file2452.jpg,0
files/file2453.jpg,0
files/file2454.jpg,0
files/file2455.jpg,0
files/file2456.jpg,0
files/file2457.jpg,0
files/file2458.jpg,0
files/file2459.jpg,0
files/file2460.jpg,0
files/file2461.jpg,0
files/file2462.jpg,0
files/file2463.jpg,0
files/file2464.jpg,0
files/file2465.jpg,0
files/file2466.jpg,0
files/file2467.jpg,0
files/file2468.jpg,0
files/file2469.jpg,0
files/file2470.jpg,0
files/file2471.jpg,0
files/file2472.jpg,0
files/file2473.jpg,0
files/file2474.jpg,0
files/file2475.jpg,0
files/file2476.jpg,0
files/file2477.jpg,0
files/file2478.jpg,0
files/file2479.jpg,0
files/file2480.jpg,0
files/file2481.jpg,0
files/file2482.jpg,0
files/file2483.jpg,0
files/file2484.jpg,0
files/file2485.jpg,0
files/file2486.jpg,0
files/file2487.jpg,0
files/file2488.jpg,0
files/file2489.jpg,0
files/file2490.jpg,0
files/file2491.jpg,0
files/file2492.jpg,0
files/file2493.jpg,0
files/file2494.jpg,0
files/file2495.jpg,0
files/file2496.jpg,0
files/file2497.jpg,0
files/file2498.jpg,0
files/file2499.jpg,0
files/file2500.jpg,0
files/file2501.jpg,0
files/file2502.jpg,0
files/file2503.jpg,0
files/file2504.jpg,0
files/file2505.jpg,0
files/file2506.jpg,0
files/file2507.jpg,0
files/file2508.jpg,0
files/file2509.jpg,0
files/file2510.jpg,0
files/file2511.jpg,0
files/file2512.jpg,0
files/file2513.jpg,0
files/file2514.jpg,0
files/file2515.jpg,0
files/file2516.jpg,0
files/file2517.jpg,0
files/file2518.jpg,0
files/file2519.jpg,0
files/file2520.jpg,0
files/file2521.jpg,0
files/file2522.jpg,0
files/file2523.jpg,0
files/file2524.jpg,0
files/file2525.jpg,0
files/file2526.jpg,0
files/file2527.jpg,0
files/file2528.jpg,0
files/file2529.jpg,0
files/file2530.jpg,0
files/file2531.jpg,0
files/file2532.jpg,0
files/file2533.jpg,0
files/file2534.jpg,0
files/file2535.jpg,0
files/file2536.jpg,0
files/file2537.jpg,0
files/file2538.jpg,0
files/file2539.jpg,0
files/file2540.jpg,0
files/file2541.jpg,0
files/file2542.jpg,0
files/file2543.jpg,0
files/file2544.jpg,0
files/file2545.jpg,0
files/file2546.jpg,0
files/file2547.jpg,0
files/file2548.jpg,0
files/file2549.jpg,0
files/file2550.jpg,0
files/file2551.jpg,0
files/file2552.jpg,0
files/file2553.jpg,0
files/file2554.jpg,0
files/file2555.jpg,0
files/file2556.jpg,0
files/file2557.jpg,0
files/file2558.jpg,0
files/file2559.jpg,0
files/file2560.jpg,0
files/file2561.jpg,0
files/file2562.jpg,0
files/file2563.jpg,0
files/file2564.jpg,0
files/file2565.jpg,0
files/file2566.jpg,0
files/file2567.jpg,0
files/file2568.jpg,0
files/file2569.jpg,0
files/file2570.jpg,0
files/file2571.jpg,0
files/file2572.jpg,0
files/file2573.jpg,0
files/file2574.jpg,0
files/file2575.jpg,0
files/file2576.jpg,0
files/file2577.jpg,0
files/file2578.jpg,0
files/file2579.jpg,0
files/file2580.jpg,0
files/file2581.jpg,0
files/file2582.jpg,0
files/file2583.jpg,0
files/file2584.jpg,0
files/file2585.jpg,0
files/file2586.jpg,0
files/file2587.jpg,0
files/file2588.jpg,0
files/file2589.jpg,0
files/file2590.jpg,0
files/file2591.jpg,0
files/file2592.jpg,0
files/file2593.jpg,0
files/file2594.jpg,0
files/file2595.jpg,0
files/file2596.jpg,0
files/file2597.jpg,0
files/file2598.jpg,0
files/file2599.jpg,0
files/file2600.jpg,0
files/file2601.jpg,0
files/file2602.jpg,0
files/file2603.jpg,0
files/file2604.jpg,0
files/file2605.jpg,0
files/file2606.jpg,0
files/file2607.jpg,0
files/file2608.jpg,0
files/file2609.jpg,0
files/file2610.jpg,0
files/file2611.jpg,0
files/file2612.jpg,0
files/file2613.jpg,0
files/file2614.jpg,0
files/file2615.jpg,0
files/file2616.jpg,0
files/file2617.jpg,0
files/file2618.jpg,0
files/file2619.jpg,0
files/file2620.jpg,0
files/file2621.jpg,0
files/file2622.jpg,0
files/file2623.jpg,0
files/file2624.jpg,0
files/file2625.jpg,0
files/file2626.jpg,0
files/file2627.jpg,0
files/file2628.jpg,0
files/file2629.jpg,0
files/file2630.jpg,0
files/file2631.jpg,0
files/file2632.jpg,0
files/file2633.jpg,0
files/file2634.jpg,0
files/file2635.jpg,0
files/file2636.jpg,0
files/file2637.jpg,0
files/file2638.jpg,0
files/file2639.jpg,0
files/file2640.jpg,0
files/file2641.jpg,0
files/file2642.jpg,0
files/file2643.jpg,0
files/file2644.jpg,0
files/file2645.jpg,0
files/file2646.jpg,0
files/file2647.jpg,0
files/file2648.jpg,0
files/file2649.jpg,0
files/file2650.jpg,0
files/file2651.jpg,0
files/file2652.jpg,0
files/file2653.jpg,0
files/file2654.jpg,0
files/file2655.jpg,0
files/file2656.jpg,0
files/file2657.jpg,0
files/file2658.jpg,0
files/file2659.jpg,0
files/file2660.jpg,0
files/file2661.jpg,0
files/file2662.jpg,0
files/file2663.jpg,0
files/file2664.jpg,0
files/file2665.jpg,0
files/file2666.jpg,0
files/file2667.jpg,0
files/file2668.jpg,0
files/file2669.jpg,0
files/file2670.jpg,0
files/file2671.jpg,0
files/file2672.jpg,0
files/file2673.jpg,0
files/file2674.jpg,0
files/file2675.jpg,0
files/file2676.jpg,0
files/file2677.jpg,0
files/file2678.jpg,0
files/file2679.jpg,0
files/file2680.jpg,0
files/file2681.jpg,0
files/file2682.jpg,0
files/file2683.jpg,0
files/file2684.jpg,0
files/file2685.jpg,0
files/file2686.jpg,0
files/file2687.jpg,0
files/file2688.jpg,0
files/file2689.jpg,0
files/file2690.jpg,0
files/file2691.jpg,0
files/file2692.jpg,0
files/file2693.jpg,0
files/file2694.jpg,0
files/file2695.jpg,0
files/file2696.jpg,0
files/file2697.jpg,0
files/file2698.jpg,0
files/file2699.jpg,0
files/file2700.jpg,0
files/file2701.jpg,0
files/file2702.jpg,0
files/file2703.jpg,0
files/file2704.jpg,0
files/file2705.jpg,0
files/file2706.jpg,0
files/file2707.jpg,0
files/file2708.jpg,0
files/file2709.jpg,0
files/file2710.jpg,0
files/file2711.jpg,0
files/file2712.jpg,0
files/file2713.jpg,0
files/file2714.jpg,0
files/file2715.jpg,0
files/file2716.jpg,0
files/file2717.jpg,0
files/file2718.jpg,0
files/file2719.jpg,0
files/file2720.jpg,0
files/file2721.jpg,0
files/file2722.jpg,0
files/file2723.jpg,0
files/file2724.jpg,0
files/file2725.jpg,0
files/file2726.jpg,0
files/file2727.jpg,0
files/file2728.jpg,0
files/file2729.jpg,0
files/file2730.jpg,0
files/file2731.jpg,0
files/file2732.jpg,0
files/file2733.jpg,0
files/file2734.jpg,0
files/file2735.jpg,0
files/file2736.jpg,0
files/file2737.jpg,0
files/file2738.jpg,0
files/file2739.jpg,0
files/file2740.jpg,0
files/file2741.jpg,0
files/file2742.jpg,0
files/file2743.jpg,0
files/file2744.jpg,0
files/file2745.jpg,0
files/file2746.jpg,0
files/file2747.jpg,0
files/file2748.jpg,0
files/file2749.jpg,0
files/file2750.jpg,0
files/file2751.jpg,0
files/file2752.jpg,0
files/file2753.jpg,0
files/file2754.jpg,0
files/file2755.jpg,0
files/file2756.jpg,0
files/file2757.jpg,0
files/file2758.jpg,0
files/file2759.jpg,0
files/file2760.jpg,0
files/file2761.jpg,0
files/file2762.jpg,0
files/file2763.jpg,0
files/file2764.jpg,0
files/file2765.jpg,0
files/file2766.jpg,0
files/file2767.jpg,0
files/file2768.jpg,0
files/file2769.jpg,0
files/file2770.jpg,0
files/file2771.jpg,0
files/file2772.jpg,0
files/file2773.jpg,0
files/file2774.jpg,0
files/file2775.jpg,0
files/file2776.jpg,0
files/file2777.jpg,0
files/file2778.jpg,0
files/file2779.jpg,0
files/file2780.jpg,0
files/file2781.jpg,0
files/file2782.jpg,0
files/file2783.jpg,0
files/file2784.jpg,0
files/file2785.jpg,0
files/file2786.jpg,0
files/file2787.jpg,0
files/file2788.jpg,0
files/file2789.jpg,0
files/file2790.jpg,0
files/file2791.jpg,0
files/file2792.jpg,0
files/file2793.jpg,0
files/file2794.jpg,0
files/file2795.jpg,0
files/file2796.jpg,0
files/file2797.jpg,0
files/file2798.jpg,0
files/file2799.jpg,0
files/file2800.jpg,0
files/file2801.jpg,0
files/file2802.jpg,0
files/file2803.jpg,0
files/file2804.jpg,0
files/file2805.jpg,0
files/file2806.jpg,0
files/file2807.jpg,0
files/file2808.jpg,0
files/file2809.jpg,0
files/file2810.jpg,0
files/file2811.jpg,0
files/file2812.jpg,0
files/file2813.jpg,0
files/file2814.jpg,0
files/file2815.jpg,0
files/file2816.jpg,0
files/file2817.jpg,0
files/file2818.jpg,0
files/file2819.jpg,0
files/file2820.jpg,0
files/file2821.jpg,0
files/file2822.jpg,0
files/file2823.jpg,0
files/file2824.jpg,0
files/file2825.jpg,0
files/file2826.jpg,0
files/file2827.jpg,0
files/file2828.jpg,0
files/file2829.jpg,0
files/file2830.jpg,0
files/file2831.jpg,0
files/file2832.jpg,0
files/file2833.jpg,0
files/file2834.jpg,0
files/file2835.jpg,0
files/file2836.jpg,0
files/file2837.jpg,0
files/file2838.jpg,0
files/file2839.jpg,0
files/file2840.jpg,0
files/file2841.jpg,0
files/file2842.jpg,0
files/file2843.jpg,0
files/file2844.jpg,0
files/file2845.jpg,0
files/file2846.jpg,0
files/file2847.jpg,0
files/file2848.jpg,0
files/file2849.jpg,0
files/file2850.jpg,0
files/file2851.jpg,0
files/file2852.jpg,0
files/file2853.jpg,0
files/file2854.jpg,0
files/file2855.jpg,0
files/file2856.jpg,0
files/file2857.jpg,0
files/file2858.jpg,0
files/file2859.jpg,0
files/file2860.jpg,0
files/file2861.jpg,0
files/file2862.jpg,0
files/file2863.jpg,0
files/file2864.jpg,0
files/file2865.jpg,0
files/file2866.jpg,0
files/file2867.jpg,0
files/file2868.jpg,0
files/file2869.jpg,0
files/file2870.jpg,0
files/file2871.jpg,0
files/file2872.jpg,0
files/file2873.jpg,0
files/file2874.jpg,0
files/file2875.jpg,0
files/file2876.jpg,0
files/file2877.jpg,0
files/file2878.jpg,0
files/file2879.jpg,0
files/file2880.jpg,0
files/file2881.jpg,0
files/file2882.jpg,0
files/file2883.jpg,0
files/file2884.jpg,0
files/file2885.jpg,0
files/file2886.jpg,0
files/file2887.jpg,0
files/file2888.jpg,0
files/file2889.jpg,0
files/file2890.jpg,0
files/file2891.jpg,0
files/file2892.jpg,0
files/file2893.jpg,0
files/file2894.jpg,0
files/file2895.jpg,0
files/file2896.jpg,0
files/file2897.jpg,0
files/file2898.jpg,0
files/file2899.jpg,0
files/file2900.jpg,0
files/file2901.jpg,0
files/file2902.jpg,0
files/file2903.jpg,0
files/file2904.jpg,0
files/file2905.jpg,0
files/file2906.jpg,0
files/file2907.jpg,0
files/file2908.jpg,0
files/file2909.jpg,0
files/file2910.jpg,0
files/file2911.jpg,0
files/file2912.jpg,0
files/file2913.jpg,0
files/file2914.jpg,0
files/file2915.jpg,0
files/file2916.jpg,0
files/file2917.jpg,0
files/file2918.jpg,0
files/file2919.jpg,0
files/file2920.jpg,0
files/file2921.jpg,0
files/file2922.jpg,0
files/file2923.jpg,0
files/file2924.jpg,0
files/file2925.jpg,0
files/file2926.jpg,0
files/file2927.jpg,0
files/file2928.jpg,0
files/file2929.jpg,0
files/file2930.jpg,0
files/file2931.jpg,0
files/file2932.jpg,0
files/file2933.jpg,0
files/file2934.jpg,0
files/file2935.jpg,0
files/file2936.jpg,0
files/file2937.jpg,0
files/file2938.jpg,0
files/file2939.jpg,0
files/file2940.jpg,0
files/file2941.jpg,0
files/file2942.jpg,0
files/file2943.jpg,0
files/file2944.jpg,0
files/file2945.jpg,0
files/file2946.jpg,0
files/file2947.jpg,0
files/file2948.jpg,0
files/file2949.jpg,0
files/file2950.jpg,0
files/file2951.jpg,0
files/file2952.jpg,0
files/file2953.jpg,0
files/file2954.jpg,0
files/file2955.jpg,0
files/file2956.jpg,0
files/file2957.jpg,0
files/file2958.jpg,0
files/file2959.jpg,0
files/file2960.jpg,0
files/file2961.jpg,0
files/file2962.jpg,0
files/file2963.jpg,0
files/file2964.jpg,0
files/file2965.jpg,0
files/file2966.jpg,0
files/file2967.jpg,0
files/file2968.jpg,0
files/file2969.jpg,0
files/file2970.jpg,0
files/file2971.jpg,0
files/file2972.jpg,0
files/file2973.jpg,0
files/file2974.jpg,0
files/file2975.jpg,0
files/file2976.jpg,0
files/file2977.jpg,0
files/file2978.jpg,0
files/file2979.jpg,0
files/file2980.jpg,0
files/file2981.jpg,0
files/file2982.jpg,0
files/file2983.jpg,0
files/file2984.jpg,0
files/file2985.jpg,0
files/file2986.jpg,0
files/file2987.jpg,0
files/file2988.jpg,0
files/file2989.jpg,0
files/file2990.jpg,0
files/file2991.jpg,0
files/file2992.jpg,0
files/file2993.jpg,0
files/file2994.jpg,0
files/file2995.jpg,0
files/file2996.jpg,0
files/file2997.jpg,0
files/file2998.jpg,0
files/file2999.jpg,0
files/file3000.jpg,0
files/file3001.jpg,0
files/file3002.jpg,0
files/file3003.jpg,0
files/file3004.jpg,0
files/file3005.jpg,0
files/file3006.jpg,0
files/file3007.jpg,0
files/file3008.jpg,0
files/file3009.jpg,0
files/file3010.jpg,0
files/file3011.jpg,0
files/file3012.jpg,0
files/file3013.jpg,0
files/file3014.jpg,0
files/file3015.jpg,0
files/file3016.jpg,0
files/file3017.jpg,0
files/file3018.jpg,0
files/file3019.jpg,0
files/file3020.jpg,0
files/file3021.jpg,0
files/file3022.jpg,0
files/file3023.jpg,0
files/file3024.jpg,0
files/file3025.jpg,0
files/file3026.jpg,0
files/file3027.jpg,0
files/file3028.jpg,0
files/file3029.jpg,0
files/file3030.jpg,0
files/file3031.jpg,0
files/file3032.jpg,0
files/file3033.jpg,0
files/file3034.jpg,0
files/file3035.jpg,0
files/file3036.jpg,0
files/file3037.jpg,0
files/file3038.jpg,0
files/file3039.jpg,0
files/file3040.jpg,0
files/file3041.jpg,0
files/file3042.jpg,0
files/file3043.jpg,0
files/file3044.jpg,0
files/file3045.jpg,0
files/file3046.jpg,0
files/file3047.jpg,0
files/file3048.jpg,0
files/file3049.jpg,0
files/file3050.jpg,0
files/file3051.jpg,0
files/file3052.jpg,0
files/file3053.jpg,0
files/file3054.jpg,0
files/file3055.jpg,0
files/file3056.jpg,0
files/file3057.jpg,0
files/file3058.jpg,0
files/file3059.jpg,0
files/file3060.jpg,0
files/file3061.jpg,0
files/file3062.jpg,0
files/file3063.jpg,0
files/file3064.jpg,0
files/file3065.jpg,0
files/file3066.jpg,0
files/file3067.jpg,0
files/file3068.jpg,0
files/file3069.jpg,0
files/file3070.jpg,0
files/file3071.jpg,0
files/file3072.jpg,0
files/file3073.jpg,0
files/file3074.jpg,0
files/file3075.jpg,0
files/file3076.jpg,0
files/file3077.jpg,0
files/file3078.jpg,0
files/file3079.jpg,0
files/file3080.jpg,0
files/file3081.jpg,0
files/file3082.jpg,0
files/file3083.jpg,0
files/file3084.jpg,0
files/file3085.jpg,0
files/file3086.jpg,0
files/file3087.jpg,0
files/file3088.jpg,0
files/file3089.jpg,0
files/file3090.jpg,0
files/file3091.jpg,0
files/file3092.jpg,0
files/file3093.jpg,0
files/file3094.jpg,0
files/file3095.jpg,0
files/file3096.jpg,0
files/file3097.jpg,0
files/file3098.jpg,0
files/file3099.jpg,0
files/file3100.jpg,0
files/file3101.jpg,0
files/file3102.jpg,0
files/file3103.jpg,0
files/file3104.jpg,0
files/file3105.jpg,0
files/file3106.jpg,0
files/file3107.jpg,0
files/file3108.jpg,0
files/file3109.jpg,0
files/file3110.jpg,0
files/file3111.jpg,0
files/file3112.jpg,0
files/file3113.jpg,0
files/file3114.jpg,0
files/file3115.jpg,0
files/file3116.jpg,0
files/file3117.jpg,0
files/file3118.jpg,0
files/file3119.jpg,0
files/file3120.jpg,0
files/file3121.jpg,0
files/file3122.jpg,0
files/file3123.jpg,0
files/file3124.jpg,0
files/file3125.jpg,0
files/file3126.jpg,0
files/file3127.jpg,0
files/file3128.jpg,0
files/file3129.jpg,0
files/file3130.jpg,0
files/file3131.jpg,0
files/file3132.jpg,0
files/file3133.jpg,0
files/file3134.jpg,0
files/file3135.jpg,0
files/file3136.jpg,0
files/file3137.jpg,0
files/file3138.jpg,0
files/file3139.jpg,0
files/file3140.jpg,0
files/file3141.jpg,0
files/file3142.jpg,0
files/file3143.jpg,0
files/file3144.jpg,0
files/file3145.jpg,0
files/file3146.jpg,0
files/file3147.jpg,0
files/file3148.jpg,0
files/file3149.jpg,0
files/file3150.jpg,0
files/file3151.jpg,0
files/file3152.jpg,0
files/file3153.jpg,0
files/file3154.jpg,0
files/file3155.jpg,0
files/file3156.jpg,0
files/file3157.jpg,0
files/file3158.jpg,0
files/file3159.jpg,0
files/file3160.jpg,0
files/file3161.jpg,0
files/file3162.jpg,0
files/file3163.jpg,0
files/file3164.jpg,0
files/file3165.jpg,0
files/file3166.jpg,0
files/file3167.jpg,0
files/file3168.jpg,0
files/file3169.jpg,0
files/file3170.jpg,0
files/file3171.jpg,0
files/file3172.jpg,0
files/file3173.jpg,0
files/file3174.jpg,0
files/file3175.jpg,0
files/file3176.jpg,0
files/file3177.jpg,0
files/file3178.jpg,0
files/file3179.jpg,0
files/file3180.jpg,0
files/file3181.jpg,0
files/file3182.jpg,0
files/file3183.jpg,0
files/file3184.jpg,0
files/file3185.jpg,0
files/file3186.jpg,0
files/file3187.jpg,0
files/file3188.jpg,0
files/file3189.jpg,0
files/file3190.jpg,0
files/file3191.jpg,0
files/file3192.jpg,0
files/file3193.jpg,0
files/file3194.jpg,0
files/file3195.jpg,0
files/file3196.jpg,0
files/file3197.jpg,0
files/file3198.jpg,0
files/file3199.jpg,0
files/file3200.jpg,0
files/file3201.jpg,0
files/file3202.jpg,0
files/file3203.jpg,0
files/file3204.jpg,0
files/file3205.jpg,0
files/file3206.jpg,0
files/file3207.jpg,0
files/file3208.jpg,0
files/file3209.jpg,0
files/file3210.jpg,0
files/file3211.jpg,0
files/file3212.jpg,0
files/file3213.jpg,0
files/file3214.jpg,0
files/file3215.jpg,0
files/file3216.jpg,0
files/file3217.jpg,0
files/file3218.jpg,0
files/file3219.jpg,0
files/file3220.jpg,0
files/file3221.jpg,0
files/file3222.jpg,0
files/file3223.jpg,0
files/file3224.jpg,0
files/file3225.jpg,0
files/file3226.jpg,0
files/file3227.jpg,0
files/file3228.jpg,0
files/file3229.jpg,0
files/file3230.jpg,0
files/file3231.jpg,0
files/file3232.jpg,0
files/file3233.jpg,0
files/file3234.jpg,0
files/file3235.jpg,0
files/file3236.jpg,0
files/file3237.jpg,0
files/file3238.jpg,0
files/file3239.jpg,0
files/file3240.jpg,0
files/file3241.jpg,0
files/file3242.jpg,0
files/file3243.jpg,0
files/file3244.jpg,0
files/file3245.jpg,0
files/file3246.jpg,0
files/file3247.jpg,0
files/file3248.jpg,0
files/file3249.jpg,0
files/file3250.jpg,0
files/file3251.jpg,0
files/file3252.jpg,0
files/file3253.jpg,0
files/file3254.jpg,0
files/file3255.jpg,0
files/file3256.jpg,0
files/file3257.jpg,0
files/file3258.jpg,0
files/file3259.jpg,0
files/file3260.jpg,0
files/file3261.jpg,0
files/file3262.jpg,0
files/file3263.jpg,0
files/file3264.jpg,0
files/file3265.jpg,0
files/file3266.jpg,0
files/file3267.jpg,0
files/file3268.jpg,0
files/file3269.jpg,0
files/file3270.jpg,0
files/file3271.jpg,0
files/file3272.jpg,0
files/file3273.jpg,0
files/file3274.jpg,0
files/file3275.jpg,0
files/file3276.jpg,0
files/file3277.jpg,0
files/file3278.jpg,0
files/file3279.jpg,0
files/file3280.jpg,0
files/file3281.jpg,0
files/file3282.jpg,0
files/file3283.jpg,0
files/file3284.jpg,0
files/file3285.jpg,0
files/file3286.jpg,0
files/file3287.jpg,0
files/file3288.jpg,0
files/file3289.jpg,0
files/file3290.jpg,0
files/file3291.jpg,0
files/file3292.jpg,0
files/file3293.jpg,0
files/file3294.jpg,0
files/file3295.jpg,0
files/file3296.jpg,0
files/file3297.jpg,0
files/file3298.jpg,0
files/file3299.jpg,0
files/file3300.jpg,0
files/file3301.jpg,0
files/file3302.jpg,0
files/file3303.jpg,0
files/file3304.jpg,0
files/file3305.jpg,0
files/file3306.jpg,0
files/file3307.jpg,0
files/file3308.jpg,0
files/file3309.jpg,0
files/file3310.jpg,0
files/file3311.jpg,0
files/file3312.jpg,0
files/file3313.jpg,0
files/file3314.jpg,0
files/file3315.jpg,0
files/file3316.jpg,0
files/file3317.jpg,0
files/file3318.jpg,0
files/file3319.jpg,0
files/file3320.jpg,0
files/file3321.jpg,0
files/file3322.jpg,0
files/file3323.jpg,0
files/file3324.jpg,0
files/file3325.jpg,0
files/file3326.jpg,0
files/file3327.jpg,0
files/file3328.jpg,0
files/file3329.jpg,0
files/file3330.jpg,0
files/file3331.jpg,0
files/file3332.jpg,0
files/file3333.jpg,0
files/file3334.jpg,0
files/file3335.jpg,0
files/file3336.jpg,0
files/file3337.jpg,0
files/file3338.jpg,0
files/file3339.jpg,0
files/file3340.jpg,0
files/file3341.jpg,0
files/file3342.jpg,0
files/file3343.jpg,0
files/file3344.jpg,0
files/file3345.jpg,0
files/file3346.jpg,0
files/file3347.jpg,0
files/file3348.jpg,0
files/file3349.jpg,0
files/file3350.jpg,0
files/file3351.jpg,0
files/file3352.jpg,0
files/file3353.jpg,0
files/file3354.jpg,0
files/file3355.jpg,0
files/file3356.jpg,0
files/file3357.jpg,0
files/file3358.jpg,0
files/file3359.jpg,0
files/file3360.jpg,0
files/file3361.jpg,0
files/file3362.jpg,0
files/file3363.jpg,0
files/file3364.jpg,0
files/file3365.jpg,0
files/file3366.jpg,0
files/file3367.jpg,0
files/file3368.jpg,0
files/file3369.jpg,0
files/file3370.jpg,0
files/file3371.jpg,0
files/file3372.jpg,0
files/file3373.jpg,0
files/file3374.jpg,0
files/file3375.jpg,0
files/file3376.jpg,0
files/file3377.jpg,0
files/file3378.jpg,0
files/file3379.jpg,0
files/file3380.jpg,0
files/file3381.jpg,0
files/file3382.jpg,0
files/file3383.jpg,0
files/file3384.jpg,0
files/file3385.jpg,0
files/file3386.jpg,0
files/file3387.jpg,0
files/file3388.jpg,0
files/file3389.jpg,0
files/file3390.jpg,0
files/file3391.jpg,0
files/file3392.jpg,0
files/file3393.jpg,0
files/file3394.jpg,0
files/file3395.jpg,0
files/file3396.jpg,0
files/file3397.jpg,0
files/file3398.jpg,0
files/file3399.jpg,0
files/file3400.jpg,0
files/file3401.jpg,0
files/file3402.jpg,0
files/file3403.jpg,0
files/file3404.jpg,0
files/file3405.jpg,0
files/file3406.jpg,0
files/file3407.jpg,0
files/file3408.jpg,0
files/file3409.jpg,0
files/file3410.jpg,0
files/file3411.jpg,0
files/file3412.jpg,0
files/file3413.jpg,0
files/file3414.jpg,0
files/file3415.jpg,0
files/file3416.jpg,0
files/file3417.jpg,0
files/file3418.jpg,0
files/file3419.jpg,0
files/file3420.jpg,0
files/file3421.jpg,0
files/file3422.jpg,0
files/file3423.jpg,0
files/file3424.jpg,0
files/file3425.jpg,0
files/file3426.jpg,0
files/file3427.jpg,0
files/file3428.jpg,0
files/file3429.jpg,0
files/file3430.jpg,0
files/file3431.jpg,0
files/file3432.jpg,0
files/file3433.jpg,0
files/file3434.jpg,0
files/file3435.jpg,0
files/file3436.jpg,0
files/file3437.jpg,0
files/file3438.jpg,0
files/file3439.jpg,0
files/file3440.jpg,0
files/file3441.jpg,0
files/file3442.jpg,0
files/file3443.jpg,0
files/file3444.jpg,0
files/file3445.jpg,0
files/file3446.jpg,0
files/file3447.jpg,0
files/file3448.jpg,0
files/file3449.jpg,0
files/file3450.jpg,0
files/file3451.jpg,0
files/file3452.jpg,0
files/file3453.jpg,0
files/file3454.jpg,0
files/file3455.jpg,0
files/file3456.jpg,0
files/file3457.jpg,0
files/file3458.jpg,0
files/file3459.jpg,0
files/file3460.jpg,0
files/file3461.jpg,0
files/file3462.jpg,0
files/file3463.jpg,0
files/file3464.jpg,0
files/file3465.jpg,0
files/file3466.jpg,0
files/file3467.jpg,0
files/file3468.jpg,0
files/file3469.jpg,0
files/file3470.jpg,0
files/file3471.jpg,0
files/file3472.jpg,0
files/file3473.jpg,0
files/file3474.jpg,0
files/file3475.jpg,0
files/file3476.jpg,0
files/file3477.jpg,0
files/file3478.jpg,0
files/file3479.jpg,0
files/file3480.jpg,0
files/file3481.jpg,0
files/file3482.jpg,0
files/file3483.jpg,0
files/file3484.jpg,0
files/file3485.jpg,0
files/file3486.jpg,0
files/file3487.jpg,0
files/file3488.jpg,0
files/file3489.jpg,0
files/file3490.jpg,0
files/file3491.jpg,0
files/file3492.jpg,0
files/file3493.jpg,0
files/file3494.jpg,0
files/file3495.jpg,0
files/file3496.jpg,0
files/file3497.jpg,0
files/file3498.jpg,0
files/file3499.jpg,0
files/file3500.jpg,0
files/file3501.jpg,0
files/file3502.jpg,0
files/file3503.jpg,0
files/file3504.jpg,0
files/file3505.jpg,0
files/file3506.jpg,0
files/file3507.jpg,0
files/file3508.jpg,0
files/file3509.jpg,0
files/file3510.jpg,0
files/file3511.jpg,0
files/file3512.jpg,0
files/file3513.jpg,0
files/file3514.jpg,0
files/file3515.jpg,0
files/file3516.jpg,0
files/file3517.jpg,0
files/file3518.jpg,0
files/file3519.jpg,0
files/file3520.jpg,0
files/file3521.jpg,0
files/file3522.jpg,0
files/file3523.jpg,0
files/file3524.jpg,0
files/file3525.jpg,0
files/file3526.jpg,0
files/file3527.jpg,0
files/file3528.jpg,0
files/file3529.jpg,0
files/file3530.jpg,0
files/file3531.jpg,0
files/file3532.jpg,0
files/file3533.jpg,0
files/file3534.jpg,0
files/file3535.jpg,0
files/file3536.jpg,0
files/file3537.jpg,0
files/file3538.jpg,0
files/file3539.jpg,0
files/file3540.jpg,0
files/file3541.jpg,0
files/file3542.jpg,0
files/file3543.jpg,0
files/file3544.jpg,0
files/file3545.jpg,0
files/file3546.jpg,0
files/file3547.jpg,0
files/file3548.jpg,0
files/file3549.jpg,0
files/file3550.jpg,0
files/file3551.jpg,0
files/file3552.jpg,0
files/file3553.jpg,0
files/file3554.jpg,0
files/file3555.jpg,0
files/file3556.jpg,0
files/file3557.jpg,0
files/file3558.jpg,0
files/file3559.jpg,0
files/file3560.jpg,0
files/file3561.jpg,0
files/file3562.jpg,0
files/file3563.jpg,0
files/file3564.jpg,0
files/file3565.jpg,0
files/file3566.jpg,0
files/file3567.jpg,0
files/file3568.jpg,0
files/file3569.jpg,0
files/file3570.jpg,0
files/file3571.jpg,0
files/file3572.jpg,0
files/file3573.jpg,0
files/file3574.jpg,0
files/file3575.jpg,0
files/file3576.jpg,0
files/file3577.jpg,0
files/file3578.jpg,0
files/file3579.jpg,0
files/file3580.jpg,0
files/file3581.jpg,0
files/file3582.jpg,0
files/file3583.jpg,0
files/file3584.jpg,0
files/file3585.jpg,0
files/file3586.jpg,0
files/file3587.jpg,0
files/file3588.jpg,0
files/file3589.jpg,0
files/file3590.jpg,0
files/file3591.jpg,0
files/file3592.jpg,0
files/file3593.jpg,0
files/file3594.jpg,0
files/file3595.jpg,0
files/file3596.jpg,0
files/file3597.jpg,0
files/file3598.jpg,0
files/file3599.jpg,0
files/file3600.jpg,0
files/file3601.jpg,0
files/file3602.jpg,0
files/file3603.jpg,0
files/file3604.jpg,0
files/file3605.jpg,0
files/file3606.jpg,0
files/file3607.jpg,0
files/file3608.jpg,0
files/file3609.jpg,0
files/file3610.jpg,0
files/file3611.jpg,0
files/file3612.jpg,0
files/file3613.jpg,0
files/file3614.jpg,0
files/file3615.jpg,0
files/file3616.jpg,0
files/file3617.jpg,0
files/file3618.jpg,0
files/file3619.jpg,0
files/file3620.jpg,0
files/file3621.jpg,0
files/file3622.jpg,0
files/file3623.jpg,0
files/file3624.jpg,0
files/file3625.jpg,0
files/file3626.jpg,0
files/file3627.jpg,0
files/file3628.jpg,0
files/file3629.jpg,0
files/file3630.jpg,0
files/file3631.jpg,0
files/file3632.jpg,0
files/file3633.jpg,0
files/file3634.jpg,0
files/file3635.jpg,0
files/file3636.jpg,0
files/file3637.jpg,0
files/file3638.jpg,0
files/file3639.jpg,0
files/file3640.jpg,0
files/file3641.jpg,0
files/file3642.jpg,0
files/file3643.jpg,0
files/file3644.jpg,0
files/file3645.jpg,0
files/file3646.jpg,0
files/file3647.jpg,0
files/file3648.jpg,0
files/file3649.jpg,0
files/file3650.jpg,0
files/file3651.jpg,0
files/file3652.jpg,0
files/file3653.jpg,0
files/file3654.jpg,0
files/file3655.jpg,0
files/file3656.jpg,0
files/file3657.jpg,0
files/file3658.jpg,0
files/file3659.jpg,0
files/file3660.jpg,0
files/file3661.jpg,0
files/file3662.jpg,0
files/file3663.jpg,0
files/file3664.jpg,0
files/file3665.jpg,0
files/file3666.jpg,0
files/file3667.jpg,0
files/file3668.jpg,0
files/file3669.jpg,0
files/file3670.jpg,0
files/file3671.jpg,0
files/file3672.jpg,0
files/file3673.jpg,0
files/file3674.jpg,0
files/file3675.jpg,0
files/file3676.jpg,0
files/file3677.jpg,0
files/file3678.jpg,0
files/file3679.jpg,0
files/file3680.jpg,0
files/file3681.jpg,0
files/file3682.jpg,0
files/file3683.jpg,0
files/file3684.jpg,0
files/file3685.jpg,0
files/file3686.jpg,0
files/file3687.jpg,0
files/file3688.jpg,0
files/file3689.jpg,0
files/file3690.jpg,0
files/file3691.jpg,0
files/file3692.jpg,0
files/file3693.jpg,0
files/file3694.jpg,0
files/file3695.jpg,0
files/file3696.jpg,0
files/file3697.jpg,0
files/file3698.jpg,0
files/file3699.jpg,0
files/file3700.jpg,0
files/file3701.jpg,0
files/file3702.jpg,0
files/file3703.jpg,0
files/file3704.jpg,0
files/file3705.jpg,0
files/file3706.jpg,0
files/file3707.jpg,0
files/file3708.jpg,0
files/file3709.jpg,0
files/file3710.jpg,0
files/file3711.jpg,0
files/file3712.jpg,0
files/file3713.jpg,0
files/file3714.jpg,0
files/file3715.jpg,0
files/file3716.jpg,0
files/file3717.jpg,0
files/file3718.jpg,0
files/file3719.jpg,0
files/file3720.jpg,0
files/file3721.jpg,0
files/file3722.jpg,0
files/file3723.jpg,0
files/file3724.jpg,0
files/file3725.jpg,0
files/file3726.jpg,0
files/file3727.jpg,0
files/file3728.jpg,0
files/file3729.jpg,0
files/file3730.jpg,0
files/file3731.jpg,0
files/file3732.jpg,0
files/file3733.jpg,0
files/file3734.jpg,0
files/file3735.jpg,0
files/file3736.jpg,0
files/file3737.jpg,0
files/file3738.jpg,0
files/file3739.jpg,0
files/file3740.jpg,0
files/file3741.jpg,0
files/file3742.jpg,0
files/file3743.jpg,0
files/file3744.jpg,0
files/file3745.jpg,0
files/file3746.jpg,0
files/file3747.jpg,0
files/file3748.jpg,0
files/file3749.jpg,0
files/file3750.jpg,0
files/file3751.jpg,0
files/file3752.jpg,0
files/file3753.jpg,0
files/file3754.jpg,0
files/file3755.jpg,0
files/file3756.jpg,0
files/file3757.jpg,0
files/file3758.jpg,0
files/file3759.jpg,0
files/file3760.jpg,0
files/file3761.jpg,0
files/file3762.jpg,0
files/file3763.jpg,0
files/file3764.jpg,0
files/file3765.jpg,0
files/file3766.jpg,0
files/file3767.jpg,0
files/file3768.jpg,0
files/file3769.jpg,0
files/file3770.jpg,0
files/file3771.jpg,0
files/file3772.jpg,0
files/file3773.jpg,0
files/file3774.jpg,0
files/file3775.jpg,0
files/file3776.jpg,0
files/file3777.jpg,0
files/file3778.jpg,0
files/file3779.jpg,0
files/file3780.jpg,0
files/file3781.jpg,0
files/file3782.jpg,0
files/file3783.jpg,0
files/file3784.jpg,0
files/file3785.jpg,0
files/file3786.jpg,0
files/file3787.jpg,0
files/file3788.jpg,0
files/file3789.jpg,0
files/file3790.jpg,0
files/file3791.jpg,0
files/file3792.jpg,0
files/file3793.jpg,0
files/file3794.jpg,0
files/file3795.jpg,0
files/file3796.jpg,0
files/file3797.jpg,0
files/file3798.jpg,0
files/file3799.jpg,0
files/file3800.jpg,0
files/file3801.jpg,0
files/file3802.jpg,0
files/file3803.jpg,0
files/file3804.jpg,0
files/file3805.jpg,0
files/file3806.jpg,0
files/file3807.jpg,0
files/file3808.jpg,0
files/file3809.jpg,0
files/file3810.jpg,0
files/file3811.jpg,0
files/file3812.jpg,0
files/file3813.jpg,0
files/file3814.jpg,0
files/file3815.jpg,0
files/file3816.jpg,0
files/file3817.jpg,0
files/file3818.jpg,0
files/file3819.jpg,0
files/file3820.jpg,0
files/file3821.jpg,0
files/file3822.jpg,0
files/file3823.jpg,0
files/file3824.jpg,0
files/file3825.jpg,0
files/file3826.jpg,0
files/file3827.jpg,0
files/file3828.jpg,0
files/file3829.jpg,0
files/file3830.jpg,0
files/file3831.jpg,0
files/file3832.jpg,0
files/file3833.jpg,0
files/file3834.jpg,0
files/file3835.jpg,0
files/file3836.jpg,0
files/file3837.jpg,0
files/file3838.jpg,0
files/file3839.jpg,0
files/file3840.jpg,0
files/file3841.jpg,0
files/file3842.jpg,0
files/file3843.jpg,0
files/file3844.jpg,0
files/file3845.jpg,0
files/file3846.jpg,0
files/file3847.jpg,0
files/file3848.jpg,0
files/file3849.jpg,0
files/file3850.jpg,0
files/file3851.jpg,0
files/file3852.jpg,0
files/file3853.jpg,0
files/file3854.jpg,0
files/file3855.jpg,0
files/file3856.jpg,0
files/file3857.jpg,0
files/file3858.jpg,0
files/file3859.jpg,0
files/file3860.jpg,0
files/file3861.jpg,0
files/file3862.jpg,0
files/file3863.jpg,0
files/file3864.jpg,0
files/file3865.jpg,0
files/file3866.jpg,0
files/file3867.jpg,0
files/file3868.jpg,0
files/file3869.jpg,0
files/file3870.jpg,0
files/file3871.jpg,0
files/file3872.jpg,0
files/file3873.jpg,0
files/file3874.jpg,0
files/file3875.jpg,0
files/file3876.jpg,0
files/file3877.jpg,0
files/file3878.jpg,0
files/file3879.jpg,0
files/file3880.jpg,0
files/file3881.jpg,0
files/file3882.jpg,0
files/file3883.jpg,0
files/file3884.jpg,0
files/file3885.jpg,0
files/file3886.jpg,0
files/file3887.jpg,0
files/file3888.jpg,0
files/file3889.jpg,0
files/file3890.jpg,0
files/file3891.jpg,0
files/file3892.jpg,0
files/file3893.jpg,0
files/file3894.jpg,0
files/file3895.jpg,0
files/file3896.jpg,0
files/file3897.jpg,0
files/file3898.jpg,0
files/file3899.jpg,0
files/file3900.jpg,0
files/file3901.jpg,0
files/file3902.jpg,0
files/file3903.jpg,0
files/file3904.jpg,0
files/file3905.jpg,0
files/file3906.jpg,0
files/file3907.jpg,0
files/file3908.jpg,0
files/file3909.jpg,0
files/file3910.jpg,0
files/file3911.jpg,0
files/file3912.jpg,0
files/file3913.jpg,0
files/file3914.jpg,0
files/file3915.jpg,0
files/file3916.jpg,0
files/file3917.jpg,0
files/file3918.jpg,0
files/file3919.jpg,0
files/file3920.jpg,0
files/file3921.jpg,0
files/file3922.jpg,0
files/file3923.jpg,0
files/file3924.jpg,0
files/file3925.jpg,0
files/file3926.jpg,0
files/file3927.jpg,0
files/file3928.jpg,0
files/file3929.jpg,0
files/file3930.jpg,0
files/file3931.jpg,0
files/file3932.jpg,0
files/file3933.jpg,0
files/file3934.jpg,0
files/file3935.jpg,0
files/file3936.jpg,0
files/file3937.jpg,0
files/file3938.jpg,0
files/file3939.jpg,0
files/file3940.jpg,0
files/file3941.jpg,0
files/file3942.jpg,0
files/file3943.jpg,0
files/file3944.jpg,0
files/file3945.jpg,0
files/file3946.jpg,0
files/file3947.jpg,0
files/file3948.jpg,0
files/file3949.jpg,0
files/file3950.jpg,0
files/file3951.jpg,0
files/file3952.jpg,0
files/file3953.jpg,0
files/file3954.jpg,0
files/file3955.jpg,0
files/file3956.jpg,0
files/file3957.jpg,0
files/file3958.jpg,0
files/file3959.jpg,0
files/file3960.jpg,0
files/file3961.jpg,0
files/file3962.jpg,0
files/file3963.jpg,0
files/file3964.jpg,0
files/file3965.jpg,0
files/file3966.jpg,0
files/file3967.jpg,0
files/file3968.jpg,0
files/file3969.jpg,0
files/file3970.jpg,0
files/file3971.jpg,0
files/file3972.jpg,0
files/file3973.jpg,0
files/file3974.jpg,0
files/file3975.jpg,0
files/file3976.jpg,0
files/file3977.jpg,0
files/file3978.jpg,0
files/file3979.jpg,0
files/file3980.jpg,0
files/file3981.jpg,0
files/file3982.jpg,0
files/file3983.jpg,0
files/file3984.jpg,0
files/file3985.jpg,0
files/file3986.jpg,0
files/file3987.jpg,0
files/file3988.jpg,0
files/file3989.jpg,0
files/file3990.jpg,0
files/file3991.jpg,0
files/file3992.jpg,0
files/file3993.jpg,0
files/file3994.jpg,0
files/file3995.jpg,0
files/file3996.jpg,0
files/file3997.jpg,0
files/file3998.jpg,0
files/file3999.jpg,0
files/file4000.jpg,0
